nox,room,price,flag
7.274744925909308,90.0,107.558,train
6.853538758193443,9.0,74.943,train
5.613545938615139,121.0,455.991,train
6.942140450695959,134.0,159.316,train
4.357362386908928,35.0,868.43,train
6.429786781208633,56.0,185.208,train
7.138688794819813,105.0,125.975,train
4.96394312943533,90.0,707.212,train
6.057392345914463,15.0,167.653,train
4.722415039381313,66.0,783.1039999999997,train
7.021924088156121,44.0,106.176,train
6.07754845122863,81.0,276.30400000000003,train
6.697981658199929,57.0,149.653,train
6.0795428598114105,88.0,282.942,train
6.87209153546461,98.0,153.27700000000004,train
4.621837616511494,118.0,1015.393,train
5.856800698134217,10.0,174.389,train
4.2235153802463845,96.0,1318.864,train
6.696730417492871,150.0,201.427,train
5.9509896593701015,153.0,372.137,train
5.506112415478934,78.0,435.142,train
6.025596519335887,4.0,114.816,train
5.864787908867156,152.0,398.421,train
4.625263194296543,77.0,888.57,train
6.454418668999495,110.0,223.18400000000003,train
6.562050816455853,113.0,206.133,train
6.625193534106384,149.0,213.083,train
5.954597995457043,102.0,327.7480000000001,train
7.099914591728997,21.0,79.455,train
5.154228307857943,63.0,542.997,train
6.1644428312642106,128.0,296.1,train
4.455273544494493,137.0,1217.393,train
4.170586044319275,46.0,1099.418,train
6.073349868662404,103.0,298.405,train
4.5427815147294615,41.0,783.671,train
4.327081615473706,97.0,1215.963,train
6.041174763779467,152.0,345.071,train
4.805000833387673,10.0,410.967,train
4.872142883825856,108.0,805.882,train
6.135092411496233,150.0,318.349,train
5.863158604114635,96.0,346.61400000000015,train
6.6421684712627895,119.0,196.183,train
4.166353006593711,52.0,1145.392,train
6.411965602591442,76.0,206.325,train
6.705324127230549,2.0,53.37,train
7.284140190809487,121.0,116.857,train
4.316489294522338,145.0,1387.06,train
5.08275064566902,53.0,545.9169999999998,train
5.968267145864755,36.0,235.668,train
4.492314161302486,77.0,990.262,train
6.831665125538727,23.0,101.662,train
5.081661780831071,35.0,481.24800000000016,train
7.223236957441447,8.0,53.483,train
4.223611045962939,82.0,1256.661,train
4.731007725100968,63.0,766.6489999999999,train
6.268877433922802,102.0,253.689,train
5.93364138714584,33.0,236.044,train
6.707754296609885,65.0,154.554,train
5.338785889558372,21.0,333.79,train
6.773452929602456,110.0,172.083,train
6.297485881352348,135.0,270.038,train
4.473977513807308,63.0,945.303,train
4.5155527229513766,146.0,1181.819,train
6.220738622020916,133.0,286.157,train
5.554412160839823,104.0,456.841,train
5.900188473850673,117.0,357.3,train
6.173349774581201,133.0,297.428,train
5.143572960024108,34.0,453.527,train
6.82606232889179,94.0,157.121,train
5.506469406332171,140.0,520.28,train
5.771881257936957,56.0,316.611,train
5.734205885008016,142.0,434.028,train
7.153464428716282,39.0,91.926,train
6.306805605293425,81.0,229.213,train
5.773197316714013,17.0,219.599,train
5.760274792278615,111.0,394.057,train
4.9954957955381065,141.0,790.758,train
5.406200681865856,143.0,568.258,train
5.432769208778188,104.0,504.455,train
4.5267918982845865,84.0,988.804,train
7.065960544108328,90.0,127.507,train
4.677672477856518,156.0,1056.749,train
5.999059623009131,112.0,325.26,train
6.533680310257906,142.0,226.227,train
4.281926611363375,64.0,1110.812,train
6.7261399771287085,110.0,178.85,train
5.906730258556695,125.0,362.666,train
6.483671324440894,154.0,241.55900000000003,train
5.504501408953785,35.0,340.961,train
5.788521348178338,145.0,417.897,train
6.365250908789399,128.0,251.401,train
6.3287991533763925,25.0,157.12,train
6.325562750958496,26.0,159.436,train
4.969858187140629,131.0,789.48,train
7.2067346038803795,106.0,119.525,train
6.7379145506030085,51.0,140.013,train
4.776517792446658,69.0,759.587,train
5.159601543864209,94.0,611.047,train
4.1347347516737525,146.0,1611.91,train
7.139046938524567,56.0,103.901,train
6.511319844597859,2.0,62.51300000000001,train
6.614107859885426,122.0,202.256,train
5.499271168113462,139.0,522.194,train
4.434501386158651,155.0,1285.843,train
7.167336284509562,110.0,124.83,train
5.52156490596022,147.0,521.65,train
6.314081884894242,138.0,268.207,train
6.94892170356702,85.0,137.838,train
4.557109720534858,96.0,1004.903,train
4.374088459866917,109.0,1212.778,train
6.138530998562058,29.0,191.999,train
6.960954104080387,127.0,154.336,train
6.777389240795964,2.0,50.325,train
4.336255886623048,123.0,1297.87,train
6.199912095672687,89.0,257.39,train
4.9188263995737165,138.0,836.2230000000003,train
5.8055188600139775,45.0,288.1090000000001,train
6.420146904929148,119.0,235.096,train
6.837645323492548,20.0,96.931,train
7.124626858890427,87.0,120.301,train
6.657038264643125,79.0,170.984,train
4.4746003528777365,34.0,782.324,train
6.850434670538425,88.0,150.951,train
5.333182168888894,122.0,574.493,train
6.935653119823461,112.0,151.608,train
5.29832220688796,99.0,554.4490000000002,train
5.223549243730902,11.0,300.838,train
4.4512328953654325,94.0,1088.431,train
6.796970224840803,16.0,93.587,train
6.2280556244898735,70.0,233.732,train
6.480484050771394,141.0,235.741,train
5.352233041433228,121.0,564.217,train
6.438020590216937,43.0,169.685,train
6.612407286590836,151.0,216.195,train
5.976845967555404,136.0,351.474,train
5.070382037310748,94.0,657.1339999999999,train
5.641961975228789,1.0,102.699,train
5.863662858987729,46.0,276.628,train
6.392830977645625,51.0,185.487,train
6.392874360283844,113.0,236.604,train
7.129962589739184,97.0,123.833,train
5.572378563983968,87.0,426.272,train
6.627993685456933,101.0,188.749,train
5.587613360961714,46.0,346.422,train
4.7532989102168175,55.0,722.203,train
6.33718947087309,21.0,147.944,train
5.160774891706728,5.0,248.752,train
6.50402408055416,89.0,200.886,train
4.782112115165396,8.0,391.071,train
6.901340716022903,82.0,141.72,train
6.816230918381512,138.0,178.13,train
4.945760202349387,34.0,532.867,train
4.291762543474271,138.0,1394.0279999999998,train
5.752983094967688,100.0,383.945,train
6.982247113424315,20.0,86.15700000000002,train
5.512383971413222,39.0,350.186,train
4.44817579991401,105.0,1128.73,train
7.119137300193177,5.0,50.42100000000001,train
6.3768272397896695,151.0,261.956,train
5.819303602946854,54.0,301.237,train
4.895881578259255,135.0,846.296,train
6.386944665879519,1.0,55.959,train
5.267470971517358,32.0,402.431,train
7.027402879254763,149.0,153.52700000000004,train
4.429174372172699,122.0,1200.212,train
5.393336898078658,54.0,426.263,train
6.641577427621361,41.0,141.666,train
7.154904890782187,127.0,131.77100000000002,train
5.016453828647975,56.0,586.016,train
6.1618488734436765,81.0,257.957,train
4.395278970096551,17.0,675.065,train
7.025905283238419,86.0,129.91899999999998,train
4.6201734029544514,6.0,408.64,train
4.9037936800155215,56.0,642.371,train
5.067342851168903,146.0,753.779,train
6.490238970642964,99.0,209.886,train
4.398189041683824,30.0,801.305,train
4.193673886883916,75.0,1253.015,train
6.882552972530389,4.0,57.106,train
7.206860338942442,51.0,95.541,train
4.71706934132586,109.0,917.031,train
6.475139400358082,27.0,142.77700000000004,train
6.487934658966856,126.0,226.385,train
7.307557154176327,75.0,99.035,train
5.2865016393880335,26.0,371.846,train
4.999851791434484,151.0,804.65,train
4.838509763492041,3.0,276.66,train
4.375847901075247,11.0,600.308,train
6.853289516839872,117.0,164.31599999999997,train
7.149823141495865,80.0,114.869,train
6.575969967219049,155.0,224.5,train
6.873543622152174,84.0,146.043,train
5.478039740020447,120.0,507.943,train
5.593101295722764,35.0,317.208,train
4.720323117990152,112.0,922.231,train
5.305442240224574,11.0,281.41200000000003,train
4.5213199920431935,139.0,1158.721,train
5.848496324209977,9.0,170.00599999999997,train
4.6981295825069065,143.0,1011.97,train
5.122272655115041,120.0,678.797,train
7.2985640994708145,110.0,112.172,train
7.073708537227647,20.0,79.969,train
4.267461410848791,120.0,1362.385,train
6.7190151530988125,121.0,185.21400000000003,train
5.395641834842915,135.0,563.1619999999998,train
4.638292755748373,6.0,402.651,train
7.011789859696788,151.0,156.128,train
6.906109865950615,59.0,127.645,train
4.122680226552689,150.0,1641.3429999999994,train
7.221416537392344,47.0,92.083,train
5.092357360814389,120.0,695.55,train
5.329978721677012,128.0,584.519,train
5.2737322880455935,60.0,485.3080000000001,train
5.468489915399381,100.0,484.134,train
4.565953605129984,19.0,607.739,train
6.170957647189517,153.0,311.059,train
6.365138675181655,85.0,221.819,train
4.699930777019115,151.0,1027.4589999999996,train
6.060561372268205,12.0,156.181,train
6.832378366912117,18.0,94.26,train
5.886161068914388,151.0,390.75,train
4.792669233019423,24.0,542.648,train
4.586198831004731,79.0,924.54,train
5.9786825329488105,82.0,300.616,train
4.752016978609842,78.0,804.5310000000003,train
7.313540307284195,26.0,71.267,train
6.748989672057228,123.0,181.656,train
7.161789605714199,85.0,115.882,train
4.642216774316312,112.0,982.846,train
4.858442237000151,125.0,852.209,train
6.353655982186028,69.0,210.061,train
4.91442526156473,29.0,520.681,train
6.582330532874441,31.0,136.482,train
6.933750723563149,112.0,151.844,train
4.192651752420215,143.0,1527.855,train
7.288976427910567,122.0,116.689,train
5.779865182260702,128.0,405.098,train
4.488198712360827,106.0,1095.68,train
7.2010253482764295,67.0,104.356,train
4.130050359623007,67.0,1274.927,train
7.064038977545503,113.0,136.92,train
4.664038839373245,73.0,846.99,train
4.264943920744977,110.0,1329.313,train
7.075076482046249,76.0,120.182,train
4.582266592444804,28.0,675.2669999999998,train
5.330200107171365,27.0,363.004,train
7.22174770524065,127.0,124.787,train
7.277648330957133,8.0,51.162,train
6.302382277828086,67.0,217.064,train
5.017037805183922,130.0,757.923,train
4.734716290458657,84.0,834.671,train
6.952098984244735,80.0,134.954,train
4.789171402159655,118.0,885.945,train
6.674191593596135,111.0,187.101,train
5.217781145038281,3.0,203.098,train
6.229949125038491,44.0,202.46400000000003,train
4.7054892834562425,75.0,825.6560000000003,train
6.170402807441048,63.0,237.205,train
5.626594030834472,33.0,303.16,train
4.3989191633192615,73.0,1051.278,train
5.048445346782382,141.0,757.3589999999997,train
4.998434578973344,126.0,762.177,train
6.665229414558161,20.0,111.559,train
5.8562601930721705,137.0,388.642,train
5.227732914879232,121.0,624.472,train
6.943084043437367,21.0,90.288,train
6.359045900596925,46.0,184.738,train
5.686885644538587,89.0,391.001,train
4.776236775761714,110.0,876.303,train
4.152261263439976,98.0,1406.567,train
6.9575214123648905,53.0,118.455,train
4.3496458054357925,144.0,1347.226,train
5.789632709078326,139.0,412.154,train
6.8448249174480855,92.0,153.721,train
4.522157217507627,8.0,483.353,train
6.761000528151812,71.0,152.045,train
4.20601116720231,84.0,1284.254,train
6.183161788645397,55.0,225.195,train
6.7961722322115445,88.0,157.77700000000004,train
4.687318715035135,153.0,1042.263,train
7.180645996014802,54.0,99.324,train
5.382124030472244,60.0,444.273,train
4.293062826646183,140.0,1398.697,train
6.557975006286956,41.0,151.654,train
5.362406795388838,60.0,451.47,train
6.4937383416974255,42.0,160.989,train
5.283057691649045,37.0,415.402,train
6.657568517221812,113.0,190.692,train
5.6413530949030966,137.0,463.041,train
5.89920175477543,80.0,318.317,train
4.804751667609319,154.0,949.026,train
6.270787532930955,76.0,231.484,train
4.221681535321895,87.0,1281.641,train
7.039383014892183,77.0,124.224,train
6.55239981509518,127.0,215.319,train
6.804631968022784,2.0,49.221,train
4.795203579179722,77.0,773.6460000000003,train
6.653808653406793,156.0,211.113,train
7.236259825182638,125.0,122.721,train
6.358599522616818,35.0,169.98,train
6.7803823042477855,129.0,179.666,train
4.947403600466156,84.0,701.831,train
6.7828585799822845,103.0,167.368,train
6.2891007615403485,10.0,122.607,train
5.499851827257041,152.0,536.4259999999998,train
7.181431501327952,74.0,109.309,train
6.345497152031273,79.0,220.408,train
5.915805562825334,106.0,342.28,train
5.462551578695023,93.0,475.799,train
4.839683475183193,120.0,854.5980000000003,train
5.400688356675994,91.0,497.084,train
7.08030723688429,8.0,60.09,train
6.5358512142820615,120.0,214.487,train
5.6691230846167,120.0,434.691,train
7.1909828965774825,152.0,135.186,train
7.039227527928249,83.0,127.13,train
6.260632515716642,106.0,258.421,train
4.555434669026898,117.0,1069.072,train
7.246887074071977,14.0,62.26,train
5.525363033615951,9.0,221.224,train
4.248056785550049,93.0,1280.248,train
5.9843545095173045,72.0,287.553,train
4.762764803389693,126.0,923.571,train
6.407263122517352,101.0,225.949,train
5.2395806517212495,108.0,597.3330000000002,train
5.8812246935532855,48.0,276.273,train
4.7261619249331135,141.0,984.859,train
6.558169284414783,88.0,191.551,train
5.76989748716637,26.0,250.767,train
5.586063598431339,130.0,476.669,train
6.621007142010603,10.0,93.549,train
6.129960227146226,155.0,322.911,train
5.605248070070678,153.0,493.26,train
4.3775999985535385,124.0,1257.981,train
5.3793890242436655,60.0,445.264,train
6.075299213524318,155.0,337.62,train
4.736851190763816,16.0,501.639,train
7.121900919477524,94.0,123.458,train
5.618046600480285,55.0,356.92800000000005,train
5.370494607723887,113.0,544.368,train
5.696809277511253,98.0,399.455,train
5.7031595761736575,91.0,388.484,train
6.723509356290772,89.0,167.982,train
6.437490888825593,145.0,246.243,train
6.984188190286562,59.0,119.775,train
5.704988674577272,11.0,203.198,train
6.218065897854655,17.0,152.81799999999996,train
7.210473038964301,90.0,113.341,train
5.870574625268644,140.0,386.69,train
5.6726949073207065,11.0,208.617,train
4.272430077129059,142.0,1428.602,train
6.402129654692935,86.0,216.004,train
4.131873786276387,99.0,1434.583,train
6.300745037318063,142.0,273.52,train
6.600509871931925,125.0,206.036,train
4.690118848844202,7.0,404.642,train
5.265103271953648,138.0,630.605,train
4.989221523404559,126.0,767.922,train
4.34617464183661,29.0,827.3760000000003,train
4.173123321315198,39.0,1043.102,train
5.537677955591123,69.0,408.473,train
4.468807312966831,117.0,1147.277,train
6.397462972353573,153.0,258.624,train
4.4312348809911,127.0,1213.015,train
7.279895389536072,2.0,33.416,train
5.782376316733313,32.0,264.51,train
4.143677088337967,72.0,1288.925,train
4.519466854931139,152.0,1192.661,train
6.206691425808795,73.0,240.911,train
6.540585063924122,127.0,217.4,train
6.477358019476374,64.0,185.596,train
6.550064203077348,59.0,170.616,train
5.803890040126157,23.0,234.93,train
5.724373916505648,97.0,389.358,train
6.974263557332913,40.0,107.207,train
5.177693248159088,103.0,619.188,train
6.121191984791524,49.0,228.635,train
7.1918836459138245,131.0,129.08,train
5.819942929022805,103.0,366.857,train
5.791082825273055,120.0,393.562,train
4.842387202970586,138.0,889.9760000000001,train
5.903857290280538,124.0,362.622,train
4.850968366241587,81.0,750.818,train
6.2380864800621865,93.0,252.886,train
5.6381042256247165,156.0,483.089,train
6.985815988494301,127.0,151.24200000000005,train
4.567869840576085,130.0,1092.969,train
6.248717665383545,141.0,284.751,train
6.279348264320814,42.0,191.724,train
5.9624071850281375,90.0,313.432,train
5.597819020129892,37.0,321.41,train
4.459998214370224,88.0,1059.091,train
4.534648521443737,130.0,1122.964,train
5.602427355701245,130.0,470.356,train
6.940534781505746,110.0,150.17600000000004,train
5.427118877327398,91.0,486.49,train
6.322346057587379,53.0,198.779,train
6.573624164690883,24.0,127.101,train
5.763012871395754,55.0,317.153,train
5.208734384051309,103.0,603.719,train
6.854340000847222,47.0,124.197,train
5.5214419154188565,74.0,422.87,train
5.8101909528434525,153.0,417.382,train
6.098732681131993,66.0,255.077,train
6.956310387696076,114.0,149.886,train
7.038040061580862,146.0,151.25799999999995,train
5.276074357582503,130.0,613.672,train
7.3006523372554275,80.0,101.582,train
5.666793552556592,100.0,411.887,train
7.019308097344947,42.0,104.898,train
5.714488851641224,141.0,440.107,train
5.266710462351238,68.0,507.145,train
5.9805728848270245,122.0,338.957,train
4.110710598708799,150.0,1657.434,train
5.528609694239874,124.0,492.349,train
6.031183899739102,89.0,295.335,train
5.794861626267733,74.0,338.401,train
6.479049444517043,103.0,214.392,train
6.923843613575302,20.0,90.358,train
4.952102910132158,117.0,773.7589999999999,train
6.7898228291350975,52.0,135.014,train
5.722427668292786,26.0,260.657,train
4.133115993527567,29.0,984.272,train
4.831976704292686,51.0,661.875,train
4.173940013014266,48.0,1110.789,train
5.639446367225975,13.0,225.592,train
6.877256900650632,118.0,161.559,train
6.2410553269243705,74.0,235.234,train
4.1365571238628736,118.0,1507.994,train
5.757477390135957,104.0,387.16,train
6.517673070943926,131.0,223.612,train
5.316163659496491,56.0,459.017,train
7.286729841503482,18.0,65.09100000000001,train
5.826989144188154,35.0,262.157,train
5.08619841806048,46.0,521.294,train
4.828443495299755,61.0,701.168,train
6.228715801226032,132.0,283.647,train
6.643164896478138,80.0,173.593,train
4.97364318429658,23.0,462.175,train
4.699251006549488,109.0,930.444,train
5.837698127213358,54.0,296.756,train
4.175875354623746,35.0,1006.866,train
6.473554176036464,78.0,197.791,train
4.471757561398955,32.0,769.7260000000001,train
6.518828606917179,94.0,201.827,train
6.48665606135032,26.0,139.82,train
4.478734910282013,4.0,405.062,train
4.630652595132791,56.0,802.535,train
4.2961603554830985,132.0,1370.274,train
4.944229960649097,120.0,784.798,train
5.446932093992907,83.0,465.409,train
5.2168145428063655,149.0,671.4939999999998,train
5.8663276589741535,48.0,279.647,train
5.810103168083494,13.0,196.299,train
5.486920437264551,52.0,390.427,train
4.500194492714698,75.0,976.03,train
5.682507648967066,57.0,342.384,train
6.4197401851867175,51.0,181.46400000000003,train
6.293303114148837,30.0,171.012,train
5.122683132665792,110.0,660.742,train
5.866612724091562,20.0,213.875,train
6.7444651398480975,48.0,136.709,train
5.663676358414532,28.0,279.71,train
4.374775699288577,18.0,698.553,train
5.036734267255748,86.0,657.2689999999999,train
4.259173842764263,74.0,1183.01,train
6.520624705621601,3.0,70.238,train
4.515441750131641,39.0,789.1569999999997,train
4.533765617801484,127.0,1115.774,train
5.047384526509289,144.0,762.913,train
7.20736711361644,136.0,128.93,train
5.846712226287682,132.0,387.24800000000016,train
6.331702524914826,82.0,225.454,train
6.8861307953229165,40.0,115.193,train
4.9556273377912765,137.0,809.711,train
4.133794139601952,154.0,1639.694,train
5.090633609617721,14.0,360.93,train
6.186120933622662,99.0,268.922,train
6.453483351794421,154.0,247.576,train
5.890954184420209,91.0,333.353,train
5.565455908710328,133.0,488.138,train
6.9927065955564345,110.0,143.92600000000004,train
4.8414812411851615,128.0,870.3639999999997,train
6.1055207026239415,2.0,87.01700000000002,train
6.2371376671251095,127.0,278.398,train
5.4204335785520055,21.0,312.3040000000001,train
4.702471824093208,137.0,995.255,train
5.988017078516988,151.0,359.622,train
6.006596955290773,152.0,354.932,train
5.126953942575415,74.0,583.226,train
6.7476392802282525,152.0,194.024,train
5.033379830792075,76.0,634.605,train
6.018718367232998,151.0,350.733,train
5.728169304292848,95.0,385.689,train
6.179559017013347,17.0,157.689,train
6.851353419865713,93.0,153.412,train
6.42821954418167,68.0,196.796,train
4.26451478057079,72.0,1168.038,train
6.901465855241357,36.0,110.153,train
5.347557092448449,153.0,608.535,train
5.526218577791228,39.0,346.25699999999995,train
5.997008849495093,135.0,344.967,train
4.872703566430716,14.0,431.084,train
5.15269212165275,86.0,597.998,train
5.469037334187044,108.0,495.448,train
4.472058019064252,19.0,656.073,train
6.981198504157714,52.0,115.515,train
7.005445573560633,45.0,108.354,train
5.429512854238379,126.0,536.385,train
6.142210084749568,31.0,195.371,train
5.241971135527464,40.0,439.919,train
6.503981606256522,36.0,152.29399999999995,train
5.437294361173369,106.0,505.535,train
7.305726309312755,156.0,124.1,train
6.896658085504007,58.0,127.961,train
5.985273711370982,126.0,341.006,train
4.316165056012352,8.0,571.712,train
6.67683295218534,108.0,185.142,train
7.19942047540759,7.0,52.347,train
5.2157922139718025,63.0,516.423,train
6.327010483068024,20.0,146.963,train
6.129853488859219,87.0,270.628,train
4.6408909548916295,130.0,1029.819,train
5.631415903128568,34.0,304.741,train
6.838093336620108,151.0,179.873,train
6.611937007302022,10.0,94.241,train
4.8761421021981874,18.0,464.237,train
6.107857073805986,128.0,310.077,train
5.043989281566433,125.0,732.6110000000001,train
6.8020209551900335,22.0,102.74,train
5.1123162075507125,26.0,428.56300000000016,train
5.24994304124424,146.0,649.55,train
6.8621843738769055,67.0,137.545,train
5.979310369677975,53.0,262.899,train
6.850540887069986,58.0,132.861,train
6.317590656660759,51.0,197.216,train
5.341563774047963,65.0,470.592,train
6.3929703406136,1.0,55.685,train
6.47043696576374,15.0,119.733,train
6.961402971399345,51.0,116.7,train
4.590144820200422,30.0,685.26,train
5.277109277169774,14.0,310.0420000000001,train
6.7676183522342015,75.0,153.783,train
5.765765146581179,68.0,337.6690000000001,train
4.2850320733346745,116.0,1329.152,train
5.811224224693143,145.0,410.236,train
6.164760731689843,5.0,109.751,train
7.135753208905015,110.0,128.085,train
4.1861165022088205,119.0,1452.042,train
4.932306374843393,55.0,624.164,train
6.53265523606213,118.0,213.945,train
5.027923076548213,63.0,601.871,train
4.20259898278626,9.0,650.168,train
4.909929059723144,110.0,785.84,train
5.2455911597062,78.0,538.073,train
5.7420803826512925,45.0,303.398,train
6.476812698690411,104.0,215.417,train
6.00956771776359,148.0,351.1980000000001,train
7.052259687584982,119.0,140.445,train
6.1476657642816415,108.0,284.971,train
7.164205702608577,72.0,109.929,train
5.4246721260213295,92.0,489.097,train
6.704454842379711,109.0,181.531,train
5.8226950690064,140.0,402.078,train
4.210142235559743,23.0,861.086,train
5.4976496301617965,26.0,313.06,train
4.446668864212773,6.0,470.709,train
5.850431058119107,55.0,295.345,train
5.943108708952085,136.0,361.275,train
4.12027948670188,128.0,1566.648,train
5.7172558883359885,14.0,216.586,train
4.3967690026606885,91.0,1126.596,train
4.74586824794297,80.0,814.8610000000001,train
4.9130949811651305,116.0,796.659,train
6.406334339282839,78.0,208.93,train
5.163764630894537,111.0,640.757,train
5.272568435601715,146.0,637.681,train
5.78101964444696,32.0,264.803,train
4.92321052832575,33.0,537.816,train
4.754640205740426,126.0,929.708,train
6.6533379877738925,58.0,156.02700000000004,train
5.091216093580622,132.0,716.798,train
7.227510583158788,102.0,116.143,train
6.938361714733107,149.0,165.082,train
6.185863554822551,74.0,246.057,train
7.221802190495848,1.0,28.339,train
6.002268838388695,13.0,167.84400000000005,train
5.204075409907934,84.0,569.3580000000002,train
7.0934181173195885,36.0,94.2,train
7.194514493050168,56.0,99.308,train
7.276390474191482,53.0,91.346,train
5.955721573568393,58.0,275.498,train
6.677874231670739,2.0,54.57899999999999,train
6.030302569808002,55.0,255.072,train
4.647554178678057,152.0,1074.435,train
6.651954393491838,72.0,166.886,train
5.815790865324226,120.0,385.716,train
6.643013747464727,101.0,186.45,train
6.232827941444143,82.0,244.374,train
6.925242408070938,7.0,65.456,train
6.432053883351051,109.0,226.655,train
6.467589977377628,120.0,226.759,train
5.926561657677167,13.0,178.52700000000004,train
4.405881759702296,110.0,1185.063,train
4.757117776621458,155.0,988.547,train
6.799640359917022,29.0,112.022,train
4.938787751309013,10.0,368.514,train
5.7313220225865935,98.0,388.374,train
4.667660020444151,122.0,988.201,train
6.713601815651512,143.0,195.789,train
4.681076302886528,137.0,1012.761,train
4.948868664324837,92.0,720.784,train
6.875461865366035,22.0,96.773,train
5.5934344643932326,107.0,446.407,train
4.788160090784153,37.0,621.783,train
6.578549806908268,19.0,117.859,train
6.301005465956633,107.0,250.778,train
6.992814739472963,141.0,155.27,train
5.084022595097784,22.0,416.706,train
5.401420383958452,112.0,529.38,train
4.836264259828737,10.0,400.63,train
6.2394616938666925,126.0,277.2,train
5.242985228949936,4.0,217.277,train
5.549308715785613,10.0,224.057,train
4.838893298611973,36.0,591.616,train
6.898465394966436,26.0,99.955,train
6.230486107587044,153.0,296.327,train
4.14209344641163,91.0,1386.47,train
7.235009845772872,136.0,126.057,train
4.2866991591542725,36.0,927.874,train
4.280042992768219,25.0,834.423,train
5.656895835133038,99.0,413.946,train
5.6276724788758985,82.0,400.175,train
5.661163711772728,34.0,297.442,train
5.71721562057967,65.0,346.482,train
6.892120155676334,108.0,155.345,train
4.935049394644731,65.0,655.434,train
6.734784079020318,23.0,110.014,train
5.885422881547733,114.0,358.761,train
4.614145083716791,68.0,863.196,train
5.709308546326867,20.0,243.132,train
6.012869641956215,65.0,272.29,train
7.258293597403368,51.0,91.617,train
5.5447212730653135,82.0,428.165,train
5.007168124357809,127.0,758.6039999999997,train
4.6363039973801765,56.0,798.8480000000003,train
7.098198660758923,57.0,108.002,train
5.1585956178312085,133.0,680.066,train
5.209540299780143,65.0,524.05,train
6.619704396321211,120.0,200.32,train
4.2281206254863575,42.0,1020.255,train
6.874271194092707,12.0,80.468,train
5.437115892727994,140.0,550.539,train
5.071590451833284,156.0,766.555,train
6.217659953697113,57.0,221.359,train
6.686259139337678,31.0,125.4,train
6.962838888613868,132.0,155.93200000000004,train
5.243321378507337,133.0,634.693,train
6.731238592791687,41.0,131.683,train
6.613472791948956,124.0,203.368,train
6.4697899760826125,43.0,165.34799999999996,train
4.120483969170219,145.0,1627.314,train
6.426458428038808,81.0,207.916,train
6.570610116573588,142.0,219.519,train
5.36539967690089,92.0,513.305,train
7.187374764174943,66.0,105.039,train
6.362671752100023,60.0,199.794,train
4.248376021684663,120.0,1383.7420000000006,train
6.208554968805085,50.0,214.242,train
4.465287377759976,16.0,625.905,train
6.367804781951634,119.0,245.342,train
4.440202527096728,99.0,1115.817,train
5.171025041389258,88.0,593.288,train
4.2366187234361465,2.0,399.11800000000005,train
6.8530156238778925,130.0,169.74,train
6.023242633154879,85.0,293.098,train
5.411043424773747,63.0,440.452,train
4.23919269566836,142.0,1467.831,train
6.098467191413333,142.0,322.5420000000001,train
5.2869319940843065,76.0,516.128,train
7.150855504851471,150.0,139.116,train
5.906329427690724,136.0,372.267,train
5.824429602542746,104.0,366.602,train
6.158242023945575,123.0,293.996,train
6.687758822643536,35.0,129.984,train
5.609626265140228,65.0,378.236,train
6.101089027135657,118.0,304.126,train
6.909093946419055,61.0,128.64,train
5.304905282025919,45.0,433.264,train
6.900143945846414,64.0,131.5,train
4.636644804105528,107.0,973.62,train
6.722880763244997,92.0,169.782,train
7.200030131666797,20.0,72.14399999999998,train
6.949668279605263,83.0,136.754,train
4.538586730080231,152.0,1174.22,train
6.544852458749826,70.0,180.546,train
5.4902946050336805,30.0,329.04,train
6.960454755313599,125.0,153.65200000000004,train
4.976882966827507,153.0,823.164,train
5.223574852643148,36.0,432.396,train
4.677858134369392,119.0,972.586,train
7.181139171964452,111.0,123.777,train
5.1910959271193065,75.0,555.8009999999998,train
4.440199865710661,10.0,553.261,train
6.168237517215491,111.0,282.593,train
5.152545915495997,131.0,680.268,train
5.279095133573015,7.0,250.383,train
6.6161880317804265,104.0,192.288,train
7.047515203635756,13.0,71.604,train
4.328514385150388,82.0,1153.685,train
6.418468562409591,109.0,229.179,train
6.1213835723902985,150.0,321.927,train
5.1303976343709365,44.0,496.055,train
6.436969447962627,73.0,199.687,train
6.001270329365065,110.0,322.891,train
5.08055393540416,7.0,294.36,train
5.64817406885838,39.0,313.495,train
6.6558883467007375,43.0,142.078,train
6.796694617087223,76.0,150.792,train
4.144546583827443,70.0,1276.957,train
5.562176065370289,132.0,488.315,train
7.171455671058896,45.0,94.642,train
5.8772279984641305,69.0,309.728,train
5.757800893847821,47.0,303.547,train
4.748505852860999,20.0,532.011,train
7.054829158045116,1.0,32.47,train
6.698094986888822,121.0,188.399,train
4.632944086612622,89.0,923.04,train
4.9441566618390524,78.0,687.914,train
5.671937396920398,26.0,271.60400000000004,train
5.0746710802707495,56.0,558.861,train
5.041253165824138,99.0,683.677,train
6.573915848311763,150.0,222.633,train
4.838766899350165,29.0,553.797,train
6.733583926140764,147.0,194.259,train
5.669952670527456,40.0,310.375,train
4.929474005422889,67.0,664.551,train
5.023165617280702,116.0,728.305,train
5.82855484109542,101.0,362.11300000000006,train
4.8599336975400185,49.0,639.0930000000002,train
5.960945643829064,8.0,149.624,train
5.4559563026643705,9.0,234.098,train
6.726436990906727,64.0,151.498,train
5.1623949489979495,100.0,621.311,train
6.434502383956076,29.0,150.846,train
6.794554448025028,29.0,112.486,train
4.8971672979313485,103.0,778.242,train
6.561331136189637,129.0,214.781,train
6.571418251028702,147.0,221.708,train
6.739586152508057,46.0,135.477,train
6.078067630351424,12.0,153.969,train
4.390222999475255,47.0,925.297,train
4.271237509435345,27.0,860.46,train
5.974917830232693,56.0,268.324,train
7.279288136234652,48.0,88.40899999999998,train
4.2304471814121305,131.0,1442.302,train
6.7538155631475245,3.0,58.07899999999999,train
5.5840983728079605,58.0,372.954,train
5.597647642749312,144.0,487.203,train
6.927412401163733,7.0,65.34100000000001,train
5.95351783227006,32.0,230.073,train
5.6758691716552265,30.0,282.853,train
5.35718407465694,126.0,568.951,train
6.940084035976561,126.0,156.605,train
5.024842945286734,131.0,754.883,train
4.4489431145743445,143.0,1239.845,train
6.513819047994581,58.0,174.817,train
5.42987117482867,46.0,393.948,train
5.560633359368518,111.0,463.6830000000001,train
4.991925261138685,89.0,688.9069999999997,train
5.89281147939919,67.0,303.079,train
5.795297320128904,47.0,294.411,train
4.815338026257932,11.0,419.581,train
5.3563979373116055,61.0,455.986,train
5.062152932435536,57.0,567.6569999999998,train
6.836998815081548,31.0,110.902,train
5.757814202652433,114.0,398.081,train
7.1351297284745465,145.0,139.457,train
4.30154141912092,69.0,1118.653,train
6.872625837667904,78.0,142.874,train
5.713184474868942,121.0,420.424,train
5.012052721826873,136.0,771.586,train
5.42365640431622,1.0,122.696,train
4.217519736171992,23.0,855.925,train
6.272922235192871,99.0,250.554,train
5.988253841220846,150.0,358.82199999999995,train
7.109259948997233,141.0,141.215,train
5.515265416017137,77.0,430.204,train
6.7806292936651245,28.0,112.555,train
6.0976054352129685,86.0,276.851,train
5.930627086713932,65.0,291.1670000000001,train
6.773778558332981,84.0,158.412,train
4.793540730361483,147.0,944.198,train
5.8216786323730325,52.0,297.203,train
4.339937928224268,156.0,1391.596,train
6.426120956537218,129.0,239.804,train
5.364351678819098,98.0,523.769,train
5.701985252447092,1.0,97.794,train
6.499340903698496,27.0,139.988,train
6.811880507435669,25.0,105.987,train
6.714818898625595,61.0,150.709,train
7.1026696156109255,13.0,68.456,train
4.84155887257701,43.0,623.317,train
6.750374368995353,4.0,63.601000000000006,train
6.276951982967953,60.0,214.253,train
5.033897759920062,69.0,615.855,train
6.328212806863178,11.0,122.274,train
5.665359660932031,140.0,457.087,train
5.672816396746775,77.0,378.36300000000006,train
5.174322314490223,17.0,357.77,train
6.810649237831968,90.0,157.003,train
5.846624781074555,1.0,86.921,train
6.571276695836303,68.0,175.139,train
4.673017342942962,3.0,316.608,train
4.280774466425016,146.0,1431.034,train
5.607044940272727,124.0,461.862,train
4.542501805615309,37.0,759.6060000000001,train
5.395597070863165,105.0,521.496,train
6.441484849226925,54.0,181.42,train
4.7110791963611165,101.0,900.273,train
6.172698364495799,73.0,247.679,train
5.597710681090463,40.0,329.201,train
6.949967527320879,24.0,93.527,train
4.611976014477843,136.0,1069.035,train
4.570826498503705,63.0,873.559,train
5.966991219130912,63.0,279.974,train
5.18849268539656,105.0,617.383,train
6.6733456033867,119.0,191.261,train
6.845191672014471,145.0,176.628,train
4.313866864807534,118.0,1305.093,train
7.090342253022883,125.0,138.217,train
7.204324062460527,126.0,126.263,train
4.240116583345693,70.0,1181.27,train
4.20668772719106,18.0,801.1160000000001,train
5.918199657801262,104.0,339.6280000000001,train
6.211484015262744,82.0,248.662,train
5.671193747664501,41.0,312.414,train
7.0224294077962455,134.0,149.226,train
5.294326354310771,113.0,579.235,train
7.069379271169151,156.0,150.463,train
4.4720359804151295,84.0,1033.928,train
4.3830315786539344,135.0,1285.423,train
7.068599832774424,100.0,131.404,train
6.128696314611571,86.0,269.925,train
6.30256495453874,66.0,216.036,train
5.369638984539577,11.0,267.066,train
5.835673284158061,135.0,393.443,train
7.199670499184604,155.0,135.039,train
5.977448561927665,23.0,203.943,train
4.424201751431825,68.0,1007.719,train
7.304253793557311,118.0,114.076,train
4.19696469607683,152.0,1551.196,train
4.635802032089613,18.0,564.688,train
6.955361792146512,9.0,68.97399999999999,train
4.7460296077860935,150.0,987.564,train
6.147192473054558,144.0,311.314,train
4.552111461581352,52.0,836.403,train
5.805352216062232,18.0,217.693,train
6.367431530309924,52.0,190.49400000000003,train
6.166587443341379,61.0,235.605,train
6.954274311227684,9.0,69.035,train
5.7442090703728725,125.0,414.028,train
6.104374146997253,134.0,315.35,train
4.371343321737428,45.0,927.222,train
5.218315438964543,32.0,418.881,train
6.365810940566818,95.0,229.373,train
5.041832098255209,10.0,338.831,train
5.5192348092979095,1.0,113.503,train
4.421837475313454,138.0,1253.811,train
5.18368558804101,63.0,530.115,train
6.561987977072754,146.0,222.955,train
5.427182351628447,57.0,421.584,train
5.114364533548322,31.0,451.507,train
5.775132183266155,37.0,278.164,train
7.071052007367682,104.0,132.725,train
6.150573917657416,38.0,206.517,train
5.054325252982126,112.0,702.457,train
5.081782144006984,11.0,337.681,train
5.013805958631084,90.0,679.047,train
6.544574460038054,87.0,193.01,train
4.8959195536773725,76.0,709.8330000000003,train
4.564325753765999,142.0,1126.148,train
4.333324175275951,4.0,456.025,train
7.199665759126997,61.0,101.516,train
5.405969737821435,123.0,542.759,train
7.147330831105839,40.0,93.104,train
5.546830598793743,123.0,483.89,train
5.4707077555962575,32.0,341.001,train
5.134434698703104,21.0,394.279,train
4.767795533730629,155.0,979.982,train
4.183917092955511,79.0,1283.259,train
6.7405314577338125,54.0,142.181,train
5.0604112612826775,117.0,708.3860000000003,train
7.17261073194791,82.0,113.612,train
4.330488260948189,107.0,1249.547,train
7.088841120105671,83.0,122.091,train
6.0713448156833385,88.0,284.838,train
5.033434937918371,126.0,740.742,train
5.60004133006003,101.0,436.239,train
4.559221389651162,32.0,716.7660000000003,train
6.016053509661822,70.0,277.816,train
6.8078041840289245,9.0,77.788,train
4.4399311978353015,102.0,1126.305,train
6.908089280970823,72.0,135.445,train
4.23289326344718,89.0,1278.85,train
6.661033433655548,12.0,95.741,train
4.795803869734226,64.0,730.725,train
6.407705505109477,17.0,130.933,train
7.071710466572252,29.0,89.742,train
4.4901762905959055,108.0,1100.189,train
4.738891252554152,128.0,946.269,train
4.277571853816991,128.0,1378.1529999999998,train
4.421784068207813,19.0,683.512,train
6.360718654591771,119.0,246.762,train
4.145922375504749,75.0,1302.74,train
4.8458411787361255,27.0,538.703,train
6.187691375597477,119.0,284.134,train
6.590292735502096,128.0,209.27,train
6.122849148993447,87.0,272.175,train
6.183966406438673,25.0,176.80599999999995,train
4.551936685509372,45.0,800.32,train
6.188519552186126,149.0,304.163,train
6.886973473038553,120.0,161.11,train
6.475002309492103,47.0,169.18900000000005,train
6.378524873317933,81.0,216.199,train
7.279648971622503,102.0,111.311,train
5.532843611493506,115.0,479.471,train
4.292995661843801,58.0,1068.172,train
4.60481300902374,59.0,832.81,train
5.072675870472469,58.0,565.814,train
5.88294404319038,135.0,378.577,train
5.935950461188255,10.0,163.496,train
5.097231978440555,125.0,701.498,train
5.792779325910474,11.0,189.169,train
7.230677834114022,72.0,104.132,train
6.048019971652107,27.0,202.227,train
7.259700839140371,9.0,53.823,train
6.115992641474057,127.0,307.288,train
5.830518508068646,52.0,295.07,train
4.7314176331784905,93.0,863.3939999999999,train
4.749367805730702,118.0,915.157,train
4.307450385385598,40.0,942.206,train
6.614396910825724,114.0,198.054,train
4.5079380204750565,65.0,928.336,train
4.792883441036553,35.0,608.9490000000002,train
5.2197878541045535,109.0,608.762,train
4.242054396510995,8.0,607.309,train
6.216005673047218,135.0,288.579,train
4.1773895726404895,129.0,1498.965,train
4.81807025153732,42.0,630.806,train
6.486035555254397,93.0,206.616,train
6.477633434680662,122.0,226.052,train
4.491718315078673,67.0,949.452,train
6.028832398209624,143.0,342.111,train
7.175282147577442,78.0,111.644,train
4.633763242856035,72.0,864.493,train
6.556780540389777,57.0,167.907,train
6.709815776903441,42.0,134.99200000000002,train
5.6634721798379255,113.0,428.74,train
4.252798225470369,52.0,1067.473,train
6.4305748969693335,101.0,221.696,train
6.693787558999629,115.0,186.141,train
6.139393220528966,117.0,294.011,train
6.563504515404322,133.0,216.413,train
6.489498997454383,47.0,167.2,train
5.4950369892415845,39.0,355.17,train
4.98230330937754,115.0,750.975,train
6.67440320555449,68.0,161.02,train
6.257867587236249,142.0,283.246,train
4.8672978366716775,89.0,762.556,train
4.868214135741553,60.0,675.3810000000002,train
6.258107428013355,5.0,101.71,train
4.117820626677138,42.0,1116.219,train
5.331437141390385,5.0,216.453,train
6.3747191138546055,125.0,247.662,train
6.595923348808559,55.0,160.864,train
7.160117505956992,146.0,136.93,train
6.683174009823393,111.0,185.735,train
5.416689607457925,22.0,317.749,train
6.9638029518190905,28.0,96.947,train
6.383727797432673,153.0,261.536,train
6.090889233072562,110.0,300.149,train
5.443961835914892,21.0,306.371,train
4.302208870490886,114.0,1303.719,train
5.846194429209177,46.0,280.596,train
5.295911112830839,129.0,602.4069999999998,train
6.969946384552758,131.0,154.672,train
5.502285219825393,4.0,175.886,train
6.9648945623638925,38.0,106.349,train
6.075203284218159,9.0,141.32399999999996,train
6.4843607704487845,35.0,153.421,train
5.818880509116622,80.0,339.853,train
4.831730016869914,144.0,909.507,train
4.157147139598158,145.0,1579.409,train
5.250319621620367,138.0,638.248,train
6.818837460432414,71.0,145.042,train
6.97671366775841,71.0,127.53,train
7.107067879085151,17.0,74.048,train
5.635648227388687,100.0,422.473,train
4.971214418437032,45.0,568.669,train
5.893295818956318,125.0,366.658,train
7.272988527651186,154.0,126.953,train
4.749122713113717,147.0,979.006,train
6.134803097961713,31.0,196.552,train
7.166984403181652,33.0,86.387,train
4.204090214015075,73.0,1232.188,train
7.100309853199057,61.0,110.077,train
6.7752102902810565,87.0,159.935,train
6.5966240197723645,12.0,100.901,train
6.563128461692624,155.0,226.86,train
6.777878892793058,69.0,148.66299999999995,train
6.029427854772433,136.0,336.73,train
6.298068675457296,10.0,121.712,train
5.952739494673453,115.0,340.517,train
4.3525145131960965,121.0,1274.378,train
6.241082222686199,146.0,289.6,train
7.102507812609098,45.0,100.112,train
7.159082558832893,36.0,89.292,train
5.8533876691927125,50.0,286.165,train
4.5602766348676695,35.0,736.059,train
4.749541402020298,130.0,942.551,train
4.749944248697759,24.0,561.875,train
5.663587015334152,156.0,473.16,train
7.314433481842933,110.0,110.729,train
6.191157560363108,110.0,276.596,train
4.503726384678664,145.0,1190.756,train
6.7241039087994805,17.0,101.172,train
6.354261573168363,35.0,170.584,train
4.967560801156963,1.0,177.938,train
5.844995730653182,140.0,394.838,train
5.723330156394397,37.0,290.161,train
6.274931941867025,19.0,150.94799999999995,train
4.752812251922135,95.0,854.0110000000003,train
6.175093747761929,148.0,306.877,train
6.077032716150985,107.0,300.998,train
5.567840027970643,101.0,447.841,train
6.853308810877464,57.0,131.859,train
4.4446105103019375,16.0,636.543,train
7.103496172984067,142.0,142.185,train
4.2186145019175285,78.0,1242.626,train
5.863051722969332,102.0,353.136,train
5.196467895941408,13.0,323.68,train
6.424351455212682,11.0,113.059,train
4.360890413864223,12.0,624.067,train
6.526638781500813,94.0,200.544,train
6.308394418800456,118.0,256.85,train
4.899749441495198,95.0,757.628,train
5.083930950638829,130.0,717.7080000000003,train
5.28934353023684,132.0,609.9169999999998,train
4.693898356968392,65.0,797.7819999999997,train
4.829663557389491,142.0,907.151,train
6.653524942267305,27.0,123.458,train
4.8075965362989646,31.0,579.758,train
4.205298729250405,24.0,875.825,train
4.252719531416006,13.0,698.48,train
7.287058562383354,99.0,109.633,train
4.607268783536955,154.0,1114.748,train
4.161514236708388,82.0,1321.896,train
6.058417663824298,31.0,209.178,train
6.351968496854688,19.0,141.76,train
7.055797230428027,65.0,116.384,train
5.9728745841584905,47.0,254.743,train
6.090782673769264,69.0,260.25,train
5.088402341900483,125.0,706.566,train
6.565058779372465,34.0,142.386,train
6.8727499298025965,73.0,139.994,train
6.857310243639,112.0,161.605,train
6.155235904178452,113.0,287.168,train
6.690442001664906,36.0,130.82399999999998,train
5.211952525101017,82.0,561.558,train
6.841894140082347,107.0,161.376,train
5.923783506410496,2.0,100.908,train
6.9652320335006825,95.0,140.726,train
6.032338206512423,147.0,344.025,train
5.825347801503647,28.0,245.181,train
6.836355435150503,25.0,103.892,train
7.112885949308481,84.0,120.159,train
6.5295863156663465,59.0,173.488,train
4.789827711597334,39.0,631.0219999999998,train
5.031566042742281,36.0,505.642,train
5.060368192384036,97.0,668.918,train
7.25405815454625,122.0,120.057,train
7.307551589050274,105.0,109.778,train
5.647838286220829,114.0,435.411,train
7.2450790844149555,132.0,123.891,train
5.296069348753428,80.0,520.405,train
5.666790986232972,47.0,326.918,train
5.454492789005128,102.0,492.665,train
4.322190857758655,8.0,568.9119999999998,train
6.223795550500878,62.0,225.99400000000003,train
5.274565514709036,43.0,437.973,train
5.252498936358903,80.0,539.2130000000002,train
5.907558062793899,140.0,375.21,train
5.4379634222589575,129.0,536.55,train
5.9185134764863125,76.0,308.468,train
6.282660946608655,117.0,261.611,train
7.273116751287974,98.0,110.545,train
6.475417135666133,50.0,172.364,train
6.541536718910701,46.0,159.208,train
6.492735224437723,146.0,235.898,train
5.344632748999845,11.0,272.566,train
6.322825716928444,114.0,251.18,train
4.291284376630103,139.0,1397.658,train
4.3541427347856745,34.0,863.0239999999999,train
7.308794439331582,133.0,117.893,train
5.000917779421019,1.0,173.166,train
5.3935171883145525,97.0,509.865,train
6.994789803985517,73.0,126.738,train
5.3574394491211335,11.0,269.735,train
5.637030609854076,124.0,450.71,train
6.534574879406389,101.0,203.678,train
6.2862653089109815,35.0,180.302,train
5.605906306007017,39.0,324.4840000000001,train
4.318582059588353,139.0,1366.906,train
4.274548207549141,61.0,1101.216,train
4.576855108834441,126.0,1074.6660000000004,train
5.549918265420837,17.0,263.42900000000003,train
4.283912230401209,6.0,537.4780000000002,train
5.371634531423045,91.0,508.99800000000016,train
6.642481348454455,82.0,175.009,train
5.8609000355763925,76.0,323.296,train
6.099211389252577,38.0,215.345,train
6.803070705593928,13.0,87.389,train
5.221256266525536,32.0,417.879,train
7.186912704790831,39.0,89.454,train
7.038835772257737,68.0,119.643,train
4.356867060546904,43.0,925.265,train
7.218882190876106,68.0,103.314,train
5.6551607331411216,36.0,304.175,train
4.848452533276081,4.0,299.682,train
4.700369466795478,78.0,839.118,train
5.761469529280458,61.0,327.777,train
6.1961814471924965,33.0,190.574,train
5.284888397394728,54.0,465.655,train
5.381670420015715,87.0,497.953,train
4.717325246852946,63.0,775.2460000000003,train
7.1559258681921145,56.0,102.481,train
5.058576001097345,120.0,714.966,train
6.7381092818145625,28.0,116.524,train
6.523517505987082,72.0,185.303,train
4.5368203553874045,71.0,931.57,train
7.006817515242068,89.0,133.349,train
4.900970420464611,113.0,798.1439999999999,train
5.3022974745159495,155.0,633.9159999999998,train
7.11069543667112,148.0,143.156,train
4.2144614678326375,147.0,1513.662,train
4.5849536029556965,86.0,949.84,train
6.779901078506256,73.0,150.998,train
6.001411692933615,59.0,266.822,train
5.09331278443375,9.0,314.601,train
6.459473913431264,117.0,226.503,train
4.583035287832254,22.0,626.837,train
6.986526227511567,4.0,52.466,train
6.336674941789157,146.0,267.893,train
5.4056226609861815,38.0,378.994,train
7.188872136220772,117.0,124.998,train
5.165350737500512,132.0,674.7719999999998,train
4.68188356219447,6.0,388.599,train
7.3160282917919774,107.0,109.653,train
4.894131832520434,65.0,677.66,train
6.191512010442168,134.0,293.7290000000001,train
6.09145621728286,74.0,265.738,train
7.229439226739408,148.0,129.951,train
5.560488955947448,84.0,425.826,train
6.740214936309763,8.0,79.285,train
6.120716525666598,49.0,228.723,train
5.109629303549543,43.0,500.98800000000006,train
4.669262164515815,78.0,860.664,train
4.615454789174249,96.0,958.238,train
6.393702397358383,3.0,77.891,train
6.78889732471708,126.0,177.143,train
5.913186326428669,75.0,308.556,train
7.196756070437043,113.0,122.881,train
5.591929075596644,39.0,328.202,train
6.65279227033626,101.0,184.972,train
6.710244734883214,10.0,86.98700000000002,train
6.561179998709056,155.0,227.221,train
6.6045783701741545,129.0,207.343,train
5.845526176109829,119.0,375.518,train
4.989729537085744,14.0,391.867,train
6.5578258835427095,139.0,220.372,train
7.0285612172870575,67.0,120.103,train
5.4481041159959815,19.0,296.127,train
4.3460838396815245,75.0,1106.651,train
5.61392258189551,11.0,218.854,train
4.888055356603892,91.0,754.88,train
4.509701257093367,112.0,1094.939,train
5.256204289975074,29.0,394.093,train
6.574752253610886,98.0,195.307,train
4.946677300088613,96.0,731.5369999999997,train
5.072000106053691,48.0,534.276,train
6.820074468998063,152.0,182.9,train
6.530724834461101,90.0,197.237,train
4.513708508321222,5.0,421.49800000000016,train
5.7870445645248845,120.0,394.861,train
6.728246064786676,20.0,105.972,train
5.502516276287829,28.0,318.971,train
7.066811515281093,136.0,144.578,train
5.108047512587744,74.0,592.283,train
4.963279511145426,134.0,799.243,train
4.913697898019351,156.0,871.828,train
5.720465736752352,143.0,439.858,train
6.879189223283534,46.0,120.906,train
4.201935635039284,130.0,1472.7520000000006,train
5.998748253842372,150.0,355.765,train
4.730868630886949,75.0,808.7539999999997,train
6.107924805839312,48.0,229.666,train
4.679179186413284,99.0,918.346,train
4.242294665699549,118.0,1383.4820000000002,train
4.988791897932146,83.0,676.072,train
7.020584130447763,21.0,84.76100000000002,train
6.9855006238521575,97.0,139.30700000000002,train
4.290014803963071,156.0,1449.385,train
4.527300989627438,111.0,1076.388,train
6.63256302969476,140.0,207.805,train
4.7569784300890845,19.0,520.119,train
6.267358173144723,105.0,256.267,train
6.484668063783888,55.0,176.132,train
5.267528858229422,108.0,583.88,train
6.905148425643455,11.0,76.406,train
6.761811054870771,40.0,127.476,train
6.4187993940349815,46.0,175.957,train
6.429617710369128,49.0,177.81799999999996,train
4.690187817037077,75.0,836.015,train
7.209217845569202,39.0,87.84100000000002,train
5.22453725410714,124.0,630.813,train
5.270345603394632,2.0,171.87400000000005,train
4.320546187426881,110.0,1270.418,train
4.540663073217675,82.0,970.504,train
5.405474186741451,100.0,509.649,train
4.223352100716332,72.0,1207.886,train
6.638498688536469,137.0,205.437,train
5.50431299022337,116.0,492.051,train
4.715427057728552,94.0,877.587,train
4.934672462092858,56.0,626.406,train
6.157691061769599,43.0,213.24,train
6.475454791081929,8.0,98.38,train
4.537933586963899,83.0,976.279,train
7.000359145292696,104.0,140.595,train
6.135046161960722,150.0,318.363,train
6.610947781198598,38.0,141.907,train
7.045802838085352,39.0,100.356,train
5.187548730603134,59.0,517.947,train
6.926002560958817,122.0,156.858,train
5.204927472336787,112.0,621.319,train
7.313833133645158,33.0,76.643,train
6.289379388478278,76.0,228.004,train
4.566791845846456,144.0,1128.706,train
6.282305234254732,97.0,247.096,train
5.162086469146784,6.0,262.742,train
5.635752782202048,59.0,359.455,train
4.520549804417676,92.0,1021.9,train
4.862380746329738,139.0,877.528,train
4.340094743977147,71.0,1093.571,train
5.634657717836659,106.0,430.423,train
5.2351151334874,5.0,234.128,train
6.391761827228228,2.0,68.911,train
5.535764426543125,125.0,490.691,train
5.214473361921127,106.0,606.205,train
6.205612902683145,48.0,212.091,train
4.948588677031088,28.0,500.974,train
6.441925968136412,97.0,216.955,train
5.09806418557334,79.0,609.191,train
5.132373738081332,148.0,717.852,train
7.308813090262964,122.0,114.82,train
6.994466300808936,51.0,113.596,train
4.305884432636391,142.0,1390.175,train
5.705521947127132,121.0,423.059,train
6.725807732399522,78.0,161.034,train
6.904319242272378,76.0,138.129,train
5.043554849766197,135.0,750.331,train
4.20528235350372,127.0,1458.284,train
5.8110046294368045,73.0,332.594,train
5.203627892076469,133.0,655.561,train
4.43792115724414,23.0,715.195,train
5.803537728942006,8.0,170.106,train
7.149731024574591,69.0,109.796,train
4.6029677293886175,43.0,757.1110000000001,train
5.22510998640027,39.0,442.561,train
6.1772517321028975,20.0,166.04,train
5.642857457599439,60.0,359.223,train
5.490712894126734,48.0,379.80300000000005,train
6.299557356461677,79.0,228.816,train
6.425705749510511,144.0,248.096,train
7.21138546769849,125.0,125.233,train
6.71580779083338,87.0,167.868,train
4.707306617043422,142.0,1002.275,train
7.039764014158305,20.0,82.211,train
6.338879249104822,101.0,238.899,train
4.231721121689441,152.0,1507.8729999999994,train
4.318868297741163,6.0,522.382,train
5.3239202205168485,89.0,525.592,train
4.529243855491544,86.0,993.959,train
6.743047004667063,74.0,156.25,train
4.865277808179584,68.0,703.431,train
4.725462207900547,40.0,670.179,train
5.701536856588464,104.0,405.221,train
6.430560239007453,104.0,223.692,train
5.246995456545137,94.0,569.0369999999998,train
6.316407726512746,31.0,169.512,train
5.346355647388591,70.0,479.508,train
6.293057576350851,77.0,228.231,train
5.544113510464368,12.0,237.92,train
6.388663359972882,134.0,250.13,train
4.781392865204693,78.0,785.497,train
5.038448167162592,109.0,705.7189999999997,train
6.8660903102082536,69.0,138.34799999999998,train
5.090852064600388,126.0,706.8760000000003,train
7.297620573109517,89.0,105.209,train
4.790789359304638,7.0,372.766,train
6.155854050435328,79.0,257.246,train
5.7651450185105375,100.0,380.16,train
5.32611782511808,44.0,422.916,train
5.053358490638677,152.0,771.873,train
6.7120228724004765,125.0,188.137,train
4.276754075388803,63.0,1110.144,train
6.058832431803615,155.0,342.182,train
6.456485218582243,10.0,106.974,train
5.200566365502771,33.0,429.005,train
4.225876462898753,26.0,882.615,train
6.642352526346463,122.0,197.654,train
5.3456487470337954,66.0,471.224,train
5.491063804224344,8.0,219.442,train
5.518777514914935,142.0,517.328,train
6.427579779487507,37.0,163.444,train
7.056032299099872,136.0,145.855,train
6.35238295666986,136.0,258.807,train
6.5899809498150175,101.0,194.687,train
5.793637607373906,87.0,355.93800000000016,train
4.626756513327192,95.0,946.414,train
4.54723961285922,136.0,1126.952,train
4.346261450117621,38.0,898.6560000000003,train
5.243116586696878,112.0,602.28,train
5.446884965695661,33.0,350.976,train
7.021170367173943,19.0,82.166,train
7.119628250712454,60.0,107.811,train
6.904138875062258,68.0,133.528,train
6.867242096838128,81.0,145.17,train
5.856647881931144,55.0,293.853,train
7.04343926541852,144.0,149.957,train
5.863974158635168,42.0,268.967,train
6.7831233094226295,155.0,189.625,train
4.7724820864740245,38.0,634.938,train
4.166291383664065,94.0,1372.955,train
5.411104831328276,21.0,314.686,train
6.683574828930912,66.0,158.368,train
7.031109277388366,12.0,70.811,train
5.2663930779652,115.0,595.76,train
4.653459523163013,46.0,741.737,train
6.717778377952522,132.0,190.404,train
6.89641031052076,69.0,134.971,train
4.817626488334187,107.0,840.0989999999997,train
4.359644231158751,71.0,1076.285,train
4.9521712453284366,136.0,810.177,train
5.435140163214466,112.0,515.0269999999998,train
5.308429887856351,19.0,331.831,train
6.235608094065814,89.0,250.011,train
5.779166692443079,82.0,353.695,train
5.129262338982379,19.0,384.003,train
5.215006293313039,77.0,549.481,train
4.98608828696973,152.0,815.3739999999997,train
7.281994578832324,128.0,119.093,train
6.1618369672134925,3.0,94.093,train
4.610114390654002,140.0,1080.196,train
6.297877087304928,100.0,246.268,train
4.3078781645052056,136.0,1369.706,train
6.790169804905967,98.0,163.859,train
5.053977541813438,47.0,538.697,train
4.336685975259935,52.0,996.93,train
4.746069914108149,109.0,895.6089999999997,train
5.145750761703669,26.0,417.044,train
4.696238299398477,31.0,634.836,train
6.3580370047057055,44.0,182.393,train
6.0172791025429095,31.0,216.311,train
4.2279816538895565,7.0,589.716,train
6.852144569052317,146.0,176.00099999999995,train
6.181251504278159,10.0,133.87,train
6.716236967706876,65.0,153.488,train
6.399392835947663,57.0,190.885,train
5.46939006577407,114.0,503.571,train
5.46646438623146,115.0,506.124,train
6.247458856116839,33.0,182.775,train
6.372072693751472,87.0,222.143,train
4.245662668839777,146.0,1472.576,train
6.367820811016713,70.0,208.568,train
5.5699657960358175,83.0,421.003,train
5.683425430142428,126.0,436.119,train
5.765619932653906,115.0,396.615,train
5.109211548123146,60.0,554.942,train
6.855461876029441,35.0,113.379,train
6.138582680704492,106.0,285.451,train
7.168935258254103,105.0,122.905,train
4.380640355537368,56.0,983.911,train
5.2898629370877,78.0,519.004,train
5.517257911461135,22.0,292.743,train
7.080934175203407,108.0,133.19,train
4.641181409611856,90.0,920.006,train
5.158086650903763,139.0,689.597,train
4.627746385673095,109.0,986.278,train
6.723667499912423,137.0,191.661,train
5.442797538829964,14.0,270.877,train
6.3362152671320775,77.0,220.343,train
5.79200495606672,119.0,392.261,train
6.226035919209262,35.0,189.372,train
7.305167786562194,106.0,110.31,train
5.115482517259578,126.0,692.828,train
7.2973256560454915,30.0,75.447,train
6.261491874819894,67.0,224.419,train
7.116793990800455,150.0,143.032,train
4.882746400498752,81.0,731.622,train
5.471699100588597,90.0,467.551,train
5.066778994179463,122.0,713.801,train
5.74730184650303,156.0,441.954,train
6.9005369081812,144.0,168.482,train
6.818238640493593,115.0,168.188,train
4.4412461537823935,3.0,382.435,train
7.307235375968712,34.0,77.763,train
6.035703404318942,18.0,180.43,train
6.162635883584343,156.0,315.041,train
5.027142355294299,99.0,691.585,train
6.436547416593474,149.0,248.496,train
5.320768554494057,107.0,557.498,train
4.321669782022214,26.0,816.33,train
5.384921639945659,104.0,524.516,train
6.352048657436218,19.0,141.753,train
6.449178131465301,120.0,230.188,train
4.877381498961404,32.0,553.05,train
4.997818874304479,19.0,427.425,train
4.205419544021359,71.0,1220.435,train
6.398239987690734,83.0,214.347,train
7.052032177219616,37.0,98.253,train
5.132161850557418,49.0,511.929,train
6.034797269954008,58.0,258.30400000000003,train
4.518716605116818,21.0,651.235,train
6.534862033888983,81.0,190.338,train
6.116528721932089,96.0,281.946,train
7.077634546025371,57.0,109.826,train
5.173364427430927,26.0,407.762,train
6.031710252761991,136.0,336.107,train
4.919579695896088,7.0,335.624,train
6.515063277894317,132.0,224.61,train
5.385890360349301,149.0,585.056,train
6.473128382461344,105.0,216.7,train
4.543383380103414,130.0,1115.0,train
7.019028196549977,59.0,116.422,train
6.175648111997647,48.0,217.335,train
4.913215632681654,31.0,531.94,train
4.775112003004162,54.0,705.503,train
6.386184159119967,86.0,218.828,train
6.408756896598972,143.0,251.01,train
6.2043131703451575,95.0,261.641,train
5.240108784299923,130.0,631.929,train
6.783397276470437,39.0,124.288,train
6.389663898693787,137.0,251.625,train
5.7442708758267775,12.0,202.108,train
5.768142565686342,47.0,300.999,train
5.457876819899062,88.0,469.605,train
5.355556829947396,116.0,555.4730000000002,train
4.610487743880401,14.0,533.789,train
6.712735004757028,35.0,127.365,train
5.748037467908496,110.0,396.904,train
6.303295009888481,91.0,238.207,train
5.245385215304681,66.0,511.346,train
4.4576929534509935,1.0,269.61,train
4.308801705755914,54.0,1031.692,train
6.66985248813128,32.0,128.327,train
5.4110241615014125,141.0,563.592,train
5.200332688143519,113.0,625.3480000000002,train
4.304023120040196,25.0,818.2739999999999,train
5.086463345359092,136.0,726.183,train
6.415378068350482,57.0,188.413,train
6.949752877805736,133.0,157.97,train
4.897587006259308,131.0,837.38,train
6.502188299462791,58.0,176.48,train
6.051941718691928,21.0,186.66,train
7.271225066833249,129.0,120.428,train
6.0808908600890375,22.0,184.923,train
5.058779547295412,38.0,502.804,train
5.825969915943572,22.0,227.624,train
6.363654755883348,24.0,150.822,train
4.415022626689145,32.0,806.1519999999997,train
5.138605181736354,62.0,547.268,train
7.178261134096223,153.0,136.869,train
5.564089863619611,49.0,360.021,train
5.207554494489399,66.0,527.355,train
4.110599536006827,108.0,1499.06,train
4.902435989789153,16.0,438.31,train
7.277452560940351,25.0,72.52,train
5.9860874780587885,31.0,221.88,train
5.782326740887108,126.0,402.344,train
5.517339491612617,49.0,374.005,train
4.98573726509526,70.0,643.332,train
6.771943853548392,120.0,176.946,train
4.872757674806781,73.0,714.5,train
7.150740629434033,1.0,30.028,train
6.032157767160357,21.0,189.696,train
4.13731039879561,89.0,1382.454,train
6.355201864394204,156.0,269.283,train
7.113967662249862,100.0,126.635,train
5.0422175144540375,52.0,560.974,train
5.753227134956133,134.0,419.831,train
6.837660205885174,9.0,75.918,train
4.431911215548056,9.0,539.336,train
6.122225607757121,49.0,228.444,train
6.49525895944448,39.0,157.184,train
5.371315322842215,46.0,413.204,train
6.549581754720597,88.0,192.896,train
6.9056260313265465,130.0,162.613,train
4.801942169302074,123.0,887.977,train
7.009383048892242,141.0,153.189,train
5.8692759765433085,155.0,399.345,train
5.560499357004288,2.0,135.678,train
4.2806193271689885,62.0,1101.245,train
6.475827114862424,136.0,234.035,train
6.567742043172197,61.0,169.90099999999995,train
6.667624292821702,70.0,163.35399999999996,train
5.161561625613041,22.0,391.187,train
4.710561623683379,37.0,662.375,train
5.188230278713316,3.0,208.046,train
6.687586106637298,70.0,160.72,train
4.382115870195984,121.0,1244.002,train
4.785852190530352,16.0,482.0,train
5.146033231965644,16.0,359.386,train
4.791058229248718,40.0,635.2919999999998,train
5.055764744783521,132.0,737.812,train
6.5764927218393625,116.0,205.359,train
4.681286772887137,44.0,715.308,train
7.0862502972958525,39.0,97.103,train
7.089475164393259,73.0,117.327,train
6.801216992467689,68.0,145.21,train
5.175359054596097,155.0,703.01,train
4.383093209572686,66.0,1032.579,train
6.811827172336089,12.0,84.669,train
6.784440850508967,20.0,101.227,train
5.5841340339568974,129.0,476.292,train
7.234759481616923,60.0,98.155,train
7.30526236415436,35.0,78.582,train
5.6839478642584345,117.0,426.157,train
4.307149205605473,104.0,1262.51,train
6.2409909414002405,8.0,119.094,train
6.129861397572715,80.0,263.768,train
6.027978477879909,106.0,312.375,train
6.960471081553676,156.0,164.428,train
5.067752339941559,43.0,518.381,train
5.5954772623888624,6.0,184.558,train
7.116305805368709,72.0,114.306,train
6.67108945632928,123.0,193.55900000000003,train
5.546363636219577,34.0,326.616,train
6.783682162227852,18.0,98.078,train
7.068138680990497,120.0,138.994,train
5.571868633556711,8.0,205.457,train
4.516594776431711,58.0,890.222,train
4.302246100406061,22.0,788.025,train
5.0199325990141865,47.0,553.8530000000002,train
6.350997977802898,139.0,260.834,train
5.947157157994468,142.0,364.87300000000016,train
5.605525859840199,77.0,399.697,train
6.5770503077137015,59.0,166.908,train
6.911732688370793,116.0,156.263,train
6.987603180565975,36.0,102.686,train
6.2249072815793625,127.0,281.188,train
4.521264484071222,109.0,1075.694,train
7.081281436600095,10.0,64.28699999999999,train
5.307811886466083,147.0,620.922,train
4.783005510118199,66.0,745.373,train
6.2775676238954325,113.0,259.91900000000004,train
5.352958168801528,3.0,181.909,train
6.761930972294,156.0,193.30900000000003,train
4.957961228033152,85.0,698.3430000000003,train
4.347395291459294,150.0,1366.6629999999998,train
4.11661405988661,138.0,1607.924,train
5.7476864728842285,108.0,394.795,train
4.544632667955184,40.0,776.5980000000003,train
4.658106913163735,50.0,758.03,train
5.0945396372981815,5.0,262.54900000000004,train
6.99565478811463,105.0,141.548,train
4.408789668716677,69.0,1025.026,train
6.296385313280799,55.0,205.344,train
6.57992842896261,57.0,164.768,train
6.628459006752848,100.0,188.104,train
6.284264429039563,3.0,85.15700000000002,train
5.9917248464698565,47.0,250.858,train
6.034250034917281,81.0,286.2270000000001,train
4.805498894951256,123.0,885.408,train
5.558237421825591,5.0,179.922,train
4.327484491043651,27.0,821.9060000000003,train
6.8790870263730906,127.0,164.987,train
4.7269687204264725,90.0,857.878,train
7.22374885911992,69.0,103.368,train
4.709820522250898,9.0,430.027,train
6.025744559977609,148.0,346.598,train
5.713841573171147,115.0,413.71,train
5.857427884903567,120.0,372.846,train
4.7505365932139645,102.0,874.415,train
4.435282617357485,126.0,1206.099,train
4.753930353819903,119.0,914.118,train
5.299482961090294,97.0,550.475,train
6.882632788626143,144.0,170.959,train
4.958217366571958,76.0,674.693,train
6.712522434638168,68.0,156.094,train
4.720657142901326,54.0,737.5189999999999,train
5.357705740105144,87.0,507.775,train
5.5407186515042826,38.0,339.48,train
4.69012418821246,97.0,904.525,train
6.357270248090553,124.0,250.592,train
4.96261646375722,25.0,478.397,train
4.75891667113559,62.0,745.747,train
6.077971898284925,112.0,305.001,train
6.493019934907903,101.0,210.697,train
5.117537864233083,75.0,590.14,train
4.8355258875770994,104.0,820.7589999999999,train
6.0218773068460525,7.0,136.675,train
6.115163124493871,76.0,262.78700000000003,train
7.0422317264896765,15.0,75.131,train
4.478932862135288,58.0,917.97,train
4.439653715460933,139.0,1238.468,train
4.2515213905818525,93.0,1276.637,train
5.780941016819785,38.0,279.118,train
4.523095084370782,52.0,856.418,train
4.231421262545826,138.0,1464.299,train
5.100726699269714,12.0,341.4790000000001,train
5.019410902391856,80.0,652.023,train
6.245825574351207,113.0,266.72900000000004,train
4.652041916132852,79.0,876.2360000000001,train
4.900701513252865,137.0,846.7819999999997,train
6.214209789302857,77.0,243.381,train
6.983988938046467,143.0,157.07,train
4.779350603138285,60.0,726.1089999999997,train
6.9969489723012845,156.0,159.612,train
4.737744209186646,118.0,923.867,train
5.302564477570353,62.0,478.81300000000016,train
7.292938396716888,33.0,77.958,train
5.2125936786852645,148.0,672.419,train
4.337646472914964,111.0,1256.312,train
5.0362024412819935,117.0,722.502,train
5.81721345599648,149.0,411.652,train
6.483128747305497,121.0,224.474,train
4.2546808095454605,113.0,1351.561,train
6.336284876343122,62.0,206.196,train
6.961506432341241,38.0,106.643,train
5.8954257375472645,126.0,366.916,train
6.331107788115963,117.0,251.481,train
6.5860908972642624,120.0,205.883,train
4.328172016112525,62.0,1059.383,train
5.405045200063043,18.0,301.673,train
6.245975593192352,31.0,179.52900000000002,train
4.230270288844872,108.0,1359.7579999999996,train
6.282569577749715,155.0,285.145,train
5.159131339709584,129.0,673.448,train
4.447283267270045,126.0,1194.359,train
5.579206942644769,116.0,462.917,train
6.475118499050405,25.0,139.458,train
4.709715862301391,153.0,1023.41,train
5.1680491716340935,86.0,590.558,train
5.664493578247598,78.0,382.448,train
4.327517373550373,127.0,1320.01,train
7.057603899697143,38.0,98.61,train
5.062507478258249,105.0,684.1439999999999,train
5.480240136842941,48.0,383.06,train
7.263214562946199,152.0,127.456,train
5.34020950476341,59.0,457.352,train
5.439212740304232,121.0,525.6080000000002,train
6.34046827437288,127.0,255.915,train
7.08058027514449,9.0,62.284,train
4.3053181624589705,5.0,499.523,train
6.893013924109804,93.0,148.292,train
5.733944158866469,92.0,380.127,train
6.0289182853888885,121.0,325.039,train
6.265350136338147,94.0,248.14,train
6.555924407449452,12.0,104.303,train
7.129209242222781,28.0,84.721,train
6.284097863188936,51.0,202.674,train
6.999895071959032,138.0,153.366,train
6.230113060918567,111.0,268.694,train
6.098934476132211,35.0,210.042,train
5.502048803154389,61.0,404.948,train
5.062220422505256,151.0,764.7719999999997,train
4.28285412535404,24.0,822.178,train
7.052122390558133,115.0,138.999,train
6.627487885626353,132.0,204.945,train
5.3263762348064665,42.0,416.85,train
6.357936938809173,119.0,247.322,train
4.337763376946343,60.0,1040.643,train
6.939604614771402,35.0,105.865,train
6.8035471291739285,70.0,146.225,train
7.12373506668831,143.0,140.159,train
6.556876831136371,38.0,148.303,train
4.499614663695743,131.0,1158.205,train
5.333262232290472,98.0,537.211,train
5.791179523057684,156.0,426.426,train
5.48130067916428,43.0,370.061,train
6.576618713221388,140.0,217.499,train
4.5792271461977165,138.0,1102.869,train
6.798570799861723,46.0,129.118,train
6.097140700877408,34.0,208.492,train
7.123245352629478,44.0,97.761,train
4.345088236948047,134.0,1322.779,train
4.143360262602465,12.0,745.12,train
6.477503932257807,26.0,140.866,train
7.23607948738189,95.0,112.853,train
5.840482559430193,51.0,290.949,train
5.472309960073159,133.0,526.638,train
6.465020845061726,6.0,90.856,train
6.775765509028611,3.0,57.049,train
6.2995240888521415,74.0,224.289,train
5.9748219435569325,115.0,334.445,train
6.8202304340215765,67.0,142.33100000000005,train
5.1632291038426645,7.0,275.17900000000003,train
6.560490357972865,41.0,151.343,train
4.159524638953748,1.0,343.774,train
5.760368121989044,24.0,246.604,train
5.958421282063577,118.0,341.6280000000001,train
4.682702413718606,143.0,1024.774,train
4.488275240869204,74.0,981.519,train
6.842778970406457,19.0,95.025,train
4.651348923444961,87.0,902.994,train
6.123718499179697,121.0,300.872,train
4.4227598357082005,29.0,777.314,train
6.5041192327657225,134.0,227.666,train
6.091214961809637,114.0,303.367,train
6.829919442757302,131.0,173.37099999999995,train
7.215782265164695,3.0,39.857,train
6.1639388269454845,1.0,67.112,train
6.275226783789639,75.0,229.71400000000003,train
4.566559743083784,73.0,917.024,train
5.3210843620040285,64.0,476.246,train
4.470150349919256,144.0,1221.202,train
6.734153817488334,33.0,122.928,train
4.862443745537651,20.0,484.831,train
6.508096714128668,117.0,217.702,train
6.621777039648329,71.0,170.312,train
4.361455814654827,54.0,988.356,train
6.887553637229905,109.0,156.364,train
5.5533706264393095,63.0,392.212,train
7.210250410549929,93.0,114.506,train
4.577074341844637,43.0,773.2560000000003,train
4.275159141024062,137.0,1409.879,train
4.238545596948414,123.0,1405.45,train
6.833074698715707,123.0,169.622,train
6.297054788529301,80.0,230.166,train
4.151981739463353,143.0,1579.346,train
5.310625119275043,86.0,525.774,train
4.7816267445954335,109.0,870.03,train
5.163332107615041,94.0,609.192,train
6.018134123127422,33.0,220.336,train
5.878209602064563,21.0,215.052,train
6.8263892129683015,142.0,178.21400000000003,train
5.319267421074321,4.0,204.181,train
4.773740531570216,48.0,681.29,train
7.179910726304243,15.0,67.158,train
4.731631565098182,120.0,933.268,train
5.068682763027246,141.0,744.97,train
6.453731222835017,111.0,223.928,train
5.318969223354015,19.0,328.995,train
6.85606926599555,10.0,77.237,train
5.060305517657817,47.0,535.927,train
5.677889086834887,134.0,446.418,train
6.324557954740195,56.0,201.794,train
6.57709451113541,93.0,191.835,train
5.270330588830428,143.0,634.8009999999998,train
4.9623242901849896,38.0,543.922,train
4.71278583578776,32.0,632.447,train
4.589056876017574,79.0,922.392,train
4.861607371840545,111.0,819.674,train
5.726574445965419,2.0,118.503,train
6.958402931979937,14.0,78.764,train
4.983224084038536,41.0,547.315,train
5.536519076681379,102.0,460.8080000000001,train
6.351986047496776,102.0,237.074,train
7.261204199096983,89.0,108.38,train
7.081391968572763,64.0,113.441,train
6.664129698054434,56.0,153.00799999999995,train
7.063112808198639,82.0,124.216,train
6.124865675632311,125.0,303.595,train
6.193184805785508,138.0,295.978,train
4.992796054953824,80.0,666.32,train
5.674297853641957,102.0,411.862,train
6.965364093097607,13.0,76.562,train
7.06917299893213,147.0,147.775,train
5.760283902411072,26.0,252.735,train
4.312504217142462,121.0,1316.618,train
5.064962016169009,50.0,544.1,train
5.952936881312313,55.0,271.67400000000004,train
6.543224046747604,126.0,216.41,train
4.677753181379329,84.0,874.332,train
6.119136920400765,135.0,312.285,train
6.459946063666438,119.0,227.592,train
6.879281555870137,103.0,154.719,train
4.3371736879238805,34.0,875.04,train
7.097111266098242,18.0,75.968,train
4.390616694258409,128.0,1256.857,train
6.38954970513643,92.0,222.779,train
5.006592125810079,7.0,312.647,train
4.541503039916088,63.0,894.686,train
4.406329256738012,45.0,901.157,train
4.245312173940054,78.0,1215.88,train
5.739708073134414,26.0,257.011,train
6.97678163085472,93.0,138.503,train
4.808593127512278,96.0,818.676,train
6.063335832608019,141.0,331.194,train
5.454386339892117,1.0,119.664,train
5.47795388622465,117.0,504.059,train
6.403205608254608,113.0,234.622,train
4.995945908902146,152.0,808.847,train
5.733848470407046,69.0,348.119,train
6.2335680524313615,107.0,264.947,train
6.493428668290099,87.0,201.227,train
6.207278865396818,73.0,240.795,train
6.228602324670942,106.0,265.257,train
4.619832269431724,96.0,954.824,train
5.525707944929925,113.0,479.685,train
7.156181687779349,86.0,116.832,train
4.585399379047379,58.0,841.675,train
7.087884300115856,96.0,127.749,train
6.195984346574732,28.0,181.26,train
5.733692171768626,55.0,324.825,train
5.435940162008944,140.0,551.065,train
5.739934728224857,58.0,328.471,train
5.530384205012206,42.0,352.99800000000016,train
4.747441535328012,81.0,816.916,train
4.864687900798226,42.0,607.2909999999998,train
4.96164661085215,26.0,484.5580000000001,train
6.587093024271916,56.0,162.921,train
6.719487710176053,133.0,190.577,train
4.4093048849454535,106.0,1168.445,train
6.7700705410746576,64.0,146.20600000000005,train
5.780528886869343,130.0,406.804,train
6.9480234198918245,105.0,147.15,train
7.237215382635282,107.0,116.929,train
6.922330713470275,93.0,144.791,train
6.23723704304914,30.0,179.005,train
4.300034996104381,37.0,925.574,train
4.457061468174076,109.0,1133.481,train
6.425671036206348,132.0,241.581,train
4.982266324571151,86.0,687.1030000000002,train
5.3011871815303255,32.0,391.524,train
5.429504033632238,107.0,510.221,train
5.293550478268727,50.0,451.619,train
5.809328107840736,73.0,333.046,train
6.144630238651335,124.0,298.011,train
5.370865172843192,109.0,538.235,train
5.93403765897397,155.0,378.81300000000016,train
6.353887314955664,151.0,266.898,train
6.968572406185027,63.0,123.767,train
4.45200419095522,71.0,998.242,train
6.050422133507942,114.0,313.621,train
4.69148185799733,34.0,655.573,train
6.147446803013665,121.0,295.108,train
6.772211379149555,40.0,126.4,train
4.615739492580117,34.0,697.317,train
6.89324372426668,13.0,81.19800000000002,train
4.117560646591034,51.0,1184.796,train
4.316329424725398,98.0,1230.519,train
5.803790419823072,93.0,360.281,train
5.281682811918183,24.0,364.276,train
5.100723089078104,133.0,712.913,train
6.1479081227105326,135.0,305.048,train
4.972582700788507,80.0,677.388,train
5.702988683030952,25.0,261.661,train
5.594604609895666,105.0,443.417,train
5.131038891912668,26.0,422.073,train
5.873389856849448,12.0,181.921,train
6.060922881948532,114.0,310.948,train
5.409872634306844,89.0,490.034,train
7.290517807649152,155.0,125.399,train
5.311241572058393,153.0,626.815,train
5.8319286274310445,147.0,405.068,train
5.31655333761615,21.0,339.895,train
4.283346104294235,49.0,1022.462,train
5.536959353810103,93.0,447.80300000000005,train
5.3940562007905015,94.0,504.764,train
4.155562200370071,59.0,1201.039,train
4.395577809328444,51.0,944.582,train
4.342409057918276,20.0,740.7260000000001,train
5.738100526699463,132.0,423.092,train
5.237691263933792,59.0,497.206,train
7.0508854563995005,11.0,67.84899999999999,train
6.964541550295503,3.0,48.914,train
5.169336334238435,137.0,680.28,train
5.765029641160041,22.0,239.215,train
6.276518857621462,16.0,143.029,train
6.514692190711937,108.0,211.296,train
6.010448582599151,137.0,342.749,train
4.3258929861508975,107.0,1254.238,train
5.43052105183102,129.0,539.816,train
5.65173011325532,122.0,443.134,train
6.73243748982679,115.0,180.37,train
4.719219491337413,104.0,902.366,train
5.6256897349073824,2.0,128.659,train
7.228180419418521,142.0,128.446,train
6.840258761360286,156.0,181.352,train
4.838280776759525,129.0,874.72,train
4.911484782336623,93.0,745.546,train
5.743494557582594,70.0,346.9190000000001,train
5.99323881012174,25.0,206.539,train
4.686140257609475,144.0,1024.089,train
4.673716526574927,139.0,1023.385,train
4.99527941789993,89.0,687.0260000000002,train
5.901949338554611,155.0,388.851,train
6.45497329369663,46.0,170.845,train
5.379602576727416,23.0,331.9840000000001,train
4.247367915411032,39.0,981.857,train
7.003001601822826,20.0,84.712,train
6.864227191447816,19.0,93.38,train
5.648920980607418,24.0,270.052,train
6.7366928471770775,131.0,187.055,train
5.947035166418903,108.0,335.592,train
5.988224359308883,90.0,306.905,train
5.511092657133318,134.0,511.424,train
5.146227441305389,80.0,587.998,train
4.417828576301265,76.0,1048.037,train
7.075053330322636,155.0,149.474,train
7.036681034342028,1.0,32.952,train
7.28992986975466,11.0,55.839,train
5.141358700887396,57.0,532.172,train
4.193743673621642,119.0,1443.045,train
7.039286761991148,91.0,130.752,train
5.7421992474226204,22.0,243.707,train
6.394423056620735,18.0,134.694,train
5.590988947277942,58.0,370.865,train
5.4533209144558334,108.0,501.837,train
6.5847753626879575,137.0,214.631,train
5.166632044670754,129.0,669.3430000000002,train
4.985101986713817,135.0,786.943,train
6.335256706831112,55.0,198.94,train
6.622320917302978,124.0,201.907,train
4.47471509289884,35.0,789.22,train
5.003839148711679,91.0,686.904,train
5.388414568305288,71.0,465.364,train
5.786163255632387,83.0,352.98900000000015,train
4.932338020803122,105.0,760.712,train
4.563454651300272,39.0,758.8739999999997,train
4.443840886919459,74.0,1017.713,train
4.267020076114658,33.0,918.103,train
5.2573329461503135,24.0,371.577,train
7.101395330627844,25.0,83.706,train
4.311161445792259,94.0,1220.054,train
5.0293891374635225,155.0,791.821,train
5.285738947453872,127.0,604.5269999999998,train
5.843169909878883,101.0,357.824,train
5.988111335231537,108.0,324.5440000000001,train
6.644455017508996,92.0,180.988,train
4.316228596542391,145.0,1387.355,train
6.340602629374143,32.0,167.824,train
4.693906100638044,130.0,986.273,train
6.8863175869123205,18.0,90.207,train
7.001701143059909,34.0,99.751,train
4.2069608459584185,135.0,1483.7679999999998,train
4.431375163365892,9.0,539.5740000000002,train
5.176492559518707,24.0,396.885,train
5.761627195642888,132.0,415.05300000000005,train
7.260417196544138,48.0,89.777,train
4.528845012068971,69.0,929.482,train
4.543771787253684,73.0,934.216,train
7.052181748863172,81.0,124.858,train
6.330245583560925,39.0,179.81099999999995,train
5.882694115847786,96.0,341.14,train
4.861014497718227,141.0,882.3539999999997,train
5.925323666577947,48.0,266.52,train
4.980043144867553,150.0,816.085,train
6.9959199771433465,138.0,153.863,train
7.201750178225575,106.0,120.012,train
5.1280718576584245,45.0,500.426,train
6.9345507964293125,105.0,148.776,train
5.065099435128726,94.0,659.97,train
6.330451528649379,52.0,196.323,train
5.282115552358334,31.0,393.814,train
6.042035424844741,41.0,230.925,train
5.744466139391045,54.0,320.182,train
7.245927499086418,80.0,106.215,train
5.425393652366388,96.0,495.216,train
5.175909104701503,149.0,694.2560000000003,train
6.763677096808529,156.0,193.033,train
6.728359261224103,118.0,182.401,train
4.899705096348155,6.0,325.389,train
4.912712798726205,73.0,691.607,train
6.266360478141028,137.0,278.225,train
6.577417612492037,41.0,149.27100000000004,train
5.080857076019202,12.0,347.056,train
5.7127066234952375,79.0,369.147,train
6.002435876051543,149.0,353.971,train
5.4504858128635245,50.0,397.396,train
6.870228662487463,25.0,101.063,train
6.817556474365031,55.0,134.281,train
4.867424044726747,4.0,295.082,train
4.757069354992665,92.0,842.738,train
4.765421026930426,90.0,831.409,train
5.294955777030078,82.0,524.827,train
5.0623235013691525,87.0,645.984,train
4.765093158082927,12.0,448.914,train
4.42605649124634,68.0,1006.197,train
4.2295460355420085,137.0,1463.276,train
6.131961313208804,71.0,253.871,train
7.025883021128683,126.0,146.028,train
4.584191541582493,25.0,651.2280000000002,train
4.357519547083172,54.0,991.53,train
7.289743959943711,156.0,125.727,train
7.0239328771633405,105.0,138.32399999999998,train
4.950280249769872,80.0,689.814,train
6.144331500830356,97.0,276.507,train
5.324180545151606,126.0,584.4630000000002,train
6.188302141125324,6.0,113.841,train
4.9624435575286086,119.0,771.255,train
6.5406458615866505,17.0,117.491,train
6.719529949911894,5.0,69.831,train
4.904126234177788,66.0,675.308,train
4.110651659967025,146.0,1643.86,train
5.6934865955607314,154.0,459.95,train
6.2800187480824645,24.0,161.461,train
6.301118888144875,132.0,267.395,train
4.172506367888415,10.0,688.143,train
6.8910541516053065,128.0,163.779,train
5.948939795753042,133.0,357.11400000000015,train
5.010999962934682,141.0,780.828,train
6.648450913682736,129.0,200.05900000000003,train
6.302872644307477,30.0,169.68200000000004,train
6.001130288377173,146.0,352.151,train
6.793989906375402,149.0,185.694,train
4.251712103213172,66.0,1149.279,train
6.576669947657501,36.0,143.533,train
4.169123068537767,143.0,1557.434,train
4.5873489494237685,85.0,944.6,train
5.209708394683681,59.0,508.679,train
5.422956168244023,63.0,436.195,train
4.534124389932817,59.0,882.195,train
5.984331900700424,72.0,287.56,train
5.921425678136671,54.0,277.18,train
4.868193420774778,98.0,784.795,train
6.136611975897568,107.0,286.733,train
6.633765528505652,154.0,213.748,train
7.256150122654227,94.0,110.662,train
6.995751190064897,93.0,136.378,train
6.407512772850933,120.0,238.137,train
5.285507374066143,70.0,503.885,train
5.6459416684274615,75.0,383.64,train
7.3128661730156255,34.0,77.408,train
7.033094611316661,104.0,136.894,train
4.750831113646804,87.0,832.673,train
5.993729813571262,99.0,314.575,train
5.3386005996362975,109.0,552.577,train
4.157849049189402,112.0,1458.5739999999994,train
6.535950633431469,21.0,125.817,train
6.935015100347698,97.0,145.158,train
5.644819200779942,29.0,287.11,train
6.973424391290674,96.0,140.24,train
5.454184365978211,145.0,548.793,train
5.459351903573557,156.0,558.852,train
6.061956309590047,113.0,309.85,train
6.150823615923972,106.0,282.617,train
5.790636659826999,66.0,327.884,train
5.8717696408533255,45.0,272.966,train
7.228073203546418,133.0,125.911,train
6.2000614550982895,150.0,301.932,train
4.12650846676508,93.0,1413.567,train
6.168873859763884,61.0,235.168,train
6.977807068159716,128.0,152.596,train
4.484918607545055,119.0,1138.1989999999996,train
5.626200054693447,8.0,196.556,train
4.936201723068336,132.0,813.325,train
4.252816704464052,78.0,1208.467,train
7.118878865038647,108.0,129.132,train
7.219931944011184,19.0,69.87899999999999,train
4.689222636598268,134.0,999.269,train
7.205445515847992,14.0,64.402,train
4.119330865569532,94.0,1426.519,train
6.34658932291965,91.0,229.948,train
6.995036539335864,114.0,145.231,train
6.466491387336205,80.0,200.478,train
6.827418799593049,120.0,169.12400000000005,train
4.4802506735811365,19.0,651.706,train
6.1982511038928205,109.0,274.232,train
6.850265739507035,58.0,132.889,train
6.155139571645899,29.0,189.418,train
5.878485442348027,63.0,300.9170000000001,train
6.93918756556245,111.0,150.75799999999995,train
5.675661131874549,36.0,299.134,train
4.16924206115284,72.0,1262.347,train
5.275706221971872,12.0,296.096,train
5.085522598632193,87.0,633.885,train
7.12248030156682,98.0,124.984,train
6.175051323807738,91.0,264.451,train
5.3666007626647065,104.0,532.406,train
6.513874452256251,34.0,148.452,train
6.114492802528464,94.0,280.603,train
6.532632494029094,57.0,171.241,train
4.3022599665685775,92.0,1220.877,train
4.817580917031282,87.0,788.584,train
4.380079063622178,38.0,874.2230000000003,train
5.641032171558745,30.0,291.0,train
4.680964036938967,120.0,972.613,train
5.063224525866994,117.0,706.7639999999999,train
4.400283818990801,132.0,1258.7910000000004,train
4.3240321130436365,74.0,1122.101,train
4.5756310161154765,83.0,946.742,train
4.727911829819682,141.0,983.457,train
6.263865040671664,68.0,225.006,train
7.071893070013429,142.0,145.89600000000004,train
6.593206623668813,116.0,202.581,train
4.6787866192826,125.0,986.589,train
4.499404006009931,41.0,811.868,train
4.695096855277722,136.0,999.012,train
5.961569752775713,107.0,330.6980000000001,train
7.034111111543252,76.0,124.264,train
6.851814159679639,154.0,178.946,train
4.39076484653083,142.0,1297.261,train
5.387448315443415,36.0,378.337,train
6.446809414850828,136.0,239.635,train
5.352780245361005,29.0,364.263,train
5.241147970396752,114.0,606.523,train
6.3310380971430185,118.0,252.152,train
6.234404654441402,151.0,294.198,train
4.593570714922524,103.0,996.717,train
4.656898931371276,51.0,763.388,train
7.173575128194117,21.0,74.827,train
4.866928364305647,96.0,780.6619999999997,train
6.5484528174627386,129.0,217.047,train
6.4271781786144375,94.0,217.478,train
6.3561073489138336,112.0,243.138,train
7.165015534575884,30.0,84.038,train
6.6226234529359065,71.0,170.195,train
5.645656364291883,90.0,405.749,train
6.407215348486727,50.0,182.218,train
5.935931336991137,48.0,264.225,train
6.863246564386655,86.0,148.33700000000005,train
6.3261327769429725,6.0,101.747,train
5.933931460225053,71.0,298.337,train
5.628044904107995,121.0,450.633,train
6.517649141378058,122.0,218.797,train
7.01796351986493,37.0,101.017,train
6.240122230193231,109.0,265.031,train
6.22248958816435,55.0,218.093,train
6.230060616610579,101.0,261.057,train
6.71637253062744,31.0,122.358,train
6.607322528885831,75.0,175.245,train
6.60053343537947,150.0,217.853,train
5.437270005651717,85.0,472.519,train
4.467218926282473,48.0,874.6310000000003,train
6.339821127354902,4.0,88.87700000000002,train
4.176467956817127,147.0,1561.263,train
7.076550256254546,68.0,116.023,train
7.002737013927161,73.0,125.919,train
5.833998363550454,19.0,216.218,train
5.31274900940369,8.0,253.769,train
5.0733512718354605,121.0,708.203,train
4.278248515734822,85.0,1215.216,train
7.181596968261852,117.0,125.742,train
4.936241113147959,123.0,795.916,train
5.997308610039456,65.0,275.767,train
4.157205440967926,145.0,1579.333,train
4.832102113275071,100.0,813.2339999999997,train
6.46707449752048,34.0,154.224,train
4.664701841451442,118.0,980.534,train
6.008015256185436,150.0,353.091,train
6.909480217872231,69.0,133.541,train
5.555096271513124,62.0,389.746,train
5.240272577081772,98.0,579.506,train
6.4269453380384665,34.0,159.351,train
7.230687184848257,77.0,106.292,train
7.051882392094478,14.0,72.987,train
7.163416974442189,40.0,91.892,train
5.875338764757522,23.0,221.642,train
6.3976436536790775,76.0,208.748,train
4.529563730280018,83.0,982.961,train
4.807982456526166,122.0,881.413,train
7.041211304435433,27.0,90.01299999999998,train
6.86867832315134,50.0,125.098,train
7.079297282119539,150.0,147.471,train
4.522112150584948,57.0,881.523,train
6.255840805739955,31.0,178.09,train
6.81394874640326,128.0,174.399,train
5.294119437537888,59.0,474.858,train
5.425034471614442,148.0,565.519,train
5.059972304956092,42.0,517.933,train
6.6622396576886285,147.0,205.891,train
4.170478916210151,138.0,1538.8629999999994,train
4.879139354168063,81.0,733.7760000000003,train
6.318342376694442,130.0,262.438,train
7.090320643760883,48.0,103.128,train
4.356229645834354,55.0,998.164,train
6.091542046879053,55.0,242.655,train
4.820607041469766,75.0,751.7130000000003,train
6.585376547154372,48.0,155.634,train
4.742615007527616,45.0,685.128,train
5.161609083605172,121.0,659.051,train
5.997030923713044,124.0,336.1040000000001,train
4.144763087831392,59.0,1211.657,train
6.165041020057196,67.0,242.773,train
5.338148506437617,147.0,605.757,train
6.141432420588576,16.0,159.675,train
6.805667099584882,85.0,154.906,train
6.377566860965505,103.0,232.877,train
5.7781362652994295,72.0,340.18,train
5.51178897488705,30.0,323.326,train
4.237368367987188,148.0,1488.751,train
4.8954686812098185,48.0,616.945,train
5.971111816770751,138.0,354.704,train
5.85324566146046,77.0,326.624,train
4.857032194707054,103.0,804.118,train
6.801818246177063,29.0,111.823,train
5.394467826722644,100.0,514.241,train
5.002426829851181,47.0,561.812,train
5.54536391488071,74.0,414.706,train
6.832392514671197,13.0,85.324,train
4.2623933877786095,105.0,1313.2520000000004,train
5.159580631960782,133.0,679.5219999999998,train
5.119120657660726,125.0,689.097,train
6.586318576954413,78.0,180.425,train
6.767003989228362,118.0,176.74900000000005,train
4.8493840457298045,95.0,789.372,train
4.779009860464177,47.0,674.0139999999999,train
7.075104154290142,26.0,86.554,train
5.8417758798750805,102.0,359.31199999999984,train
5.377629986446737,41.0,396.859,train
5.386569730060568,154.0,590.668,train
6.497178002381122,86.0,199.903,train
4.704900925365118,117.0,946.461,train
7.212489825394412,120.0,123.567,train
6.084667299913348,50.0,237.001,train
6.251292495494863,51.0,208.166,train
7.086828564000586,144.0,144.749,train
4.889639717736277,6.0,328.069,train
6.793892973167733,20.0,100.45,train
6.6352056195650375,133.0,204.131,train
4.602077195892643,1.0,239.679,train
5.4177611636238,16.0,287.994,train
4.587869391687635,52.0,812.3789999999997,train
4.143636288030368,125.0,1525.9920000000006,train
5.882701362958557,18.0,204.395,train
4.546853158142385,152.0,1166.336,train
5.141025343598046,133.0,689.877,train
4.243349286364059,70.0,1178.159,train
5.829642943352371,93.0,352.771,train
6.490011941849684,42.0,161.47799999999995,train
6.54346888283109,84.0,191.11900000000003,train
5.939068981888634,136.0,362.466,train
4.706626375078813,138.0,994.102,train
6.195534647574379,90.0,259.194,train
5.903182395104633,126.0,364.602,train
4.635311266219911,4.0,356.533,train
5.36440145276444,142.0,586.689,train
5.6971280123939145,47.0,318.936,train
5.705870770317553,67.0,352.958,train
6.098586703585143,17.0,168.44799999999995,train
7.0038627404921625,50.0,112.049,train
6.371166699222782,91.0,225.388,train
5.1479810749161565,90.0,608.706,train
6.740827979399517,65.0,150.445,train
6.616672340813552,72.0,171.755,train
5.884577936708947,115.0,359.969,train
5.278634141644778,75.0,517.529,train
6.118726939529452,8.0,131.57,train
5.5741443246568325,27.0,297.5540000000001,train
6.574256020635732,85.0,187.062,train
5.183729189911909,127.0,656.933,train
5.204622825628656,10.0,296.732,train
6.6475121689883645,41.0,140.982,train
7.131611860776854,101.0,125.208,train
5.348257044125012,100.0,533.9780000000002,train
5.067621462172731,95.0,660.748,train
5.695060826233396,118.0,423.418,train
5.467590644719166,12.0,253.229,train
5.0016088073435965,60.0,605.805,train
4.533703767209143,134.0,1134.3010000000004,train
6.266155462051299,52.0,206.885,train
5.573630407669591,36.0,325.073,train
4.9382085741835215,18.0,441.339,train
6.37132578940167,31.0,162.093,train
7.042911410357712,7.0,59.469,train
6.3168417510060175,27.0,162.438,train
4.1118631049090135,30.0,1011.913,train
7.092751445553295,12.0,67.342,train
5.034331260917301,77.0,636.654,train
4.470515785902309,100.0,1091.942,train
6.199962167096545,68.0,237.032,train
6.309506728839011,9.0,116.758,train
5.584474509341352,115.0,459.713,train
6.601918039280237,134.0,210.225,train
5.837026699101112,118.0,377.154,train
4.602013762900155,100.0,980.97,train
5.605343968808893,79.0,402.904,train
4.796677242598612,92.0,815.9689999999997,train
5.146030590238109,112.0,651.87,train
5.364721083542257,149.0,595.237,train
5.4882792261943365,55.0,396.745,train
4.173518265940558,87.0,1332.951,train
5.543429460745415,49.0,366.137,train
7.057191882396749,8.0,61.233,train
6.1831061076199125,86.0,258.216,train
5.095261218260061,106.0,668.058,train
6.69246013400987,143.0,199.193,train
5.317497054980119,91.0,531.9580000000002,train
4.452932891893414,72.0,1001.766,train
4.921048297887702,21.0,469.174,train
4.601956034046211,103.0,989.926,train
5.972737768229934,64.0,280.012,train
6.765082420431856,92.0,164.041,train
5.644762105456121,62.0,362.282,train
4.351101399745409,79.0,1119.798,train
4.840283175157504,54.0,669.007,train
4.585944478267834,107.0,1014.692,train
6.775132522275968,119.0,176.03400000000005,train
5.8295673906771865,125.0,386.204,train
7.124685433314433,66.0,110.544,train
4.7319702622587565,112.0,913.52,train
4.907976230842003,106.0,778.221,train
6.347398488004688,107.0,241.473,train
4.409855325572585,89.0,1107.091,train
4.149381053666869,46.0,1118.583,train
6.488542910667615,30.0,145.852,train
6.422624584630196,22.0,139.969,train
5.326361154197493,116.0,568.85,train
4.7873861254971,138.0,930.778,train
6.480408050950126,137.0,233.688,train
5.798537741159357,44.0,287.767,train
6.062783882854185,80.0,278.588,train
5.409146014985603,133.0,554.4590000000002,train
7.138166864694463,150.0,140.561,train
6.072269641794133,44.0,230.228,train
5.70551989973092,117.0,418.73,train
6.353434670463648,147.0,264.814,train
7.0956738974650895,27.0,86.104,train
6.954394063885291,27.0,96.614,train
6.101390718801897,64.0,252.141,train
5.8201237944638216,98.0,361.261,train
4.149315664918333,53.0,1168.1989999999996,train
4.149863414873579,80.0,1324.46,train
5.48725944894997,23.0,304.096,train
4.706858056915348,50.0,728.502,train
5.222057597426158,150.0,669.9989999999998,train
6.920296809249289,121.0,157.19299999999996,train
5.891590916926647,57.0,288.7390000000001,train
5.887075246769518,8.0,158.912,train
4.75818640429462,26.0,571.952,train
6.542735907609984,4.0,75.33,train
5.104007044185964,71.0,586.758,train
5.442984194679302,60.0,422.773,train
4.59161159944251,81.0,927.543,train
5.203927471048488,52.0,491.706,train
5.454877923692872,46.0,386.0,train
6.560939273625432,96.0,196.278,train
5.516591064039162,58.0,394.049,train
5.937743515259057,106.0,336.215,train
6.251890034865093,126.0,274.407,train
6.239026750935477,106.0,263.016,train
6.901680451520996,66.0,132.577,train
6.844927903474393,88.0,151.631,train
5.031411383814007,60.0,591.269,train
5.99734908595781,141.0,349.49300000000005,train
6.720388675273727,12.0,91.221,train
4.680008930711399,99.0,917.727,train
6.003226326705077,62.0,270.5,train
6.180977363207893,47.0,215.005,train
5.713683627258698,55.0,330.165,train
5.229635725230491,124.0,628.196,train
5.2795794169319645,54.0,467.674,train
7.236325100015137,5.0,45.827,train
5.5062210183761975,120.0,496.409,train
7.068216489014193,70.0,117.854,train
5.7050883220123305,45.0,312.685,train
6.79807484732858,12.0,85.625,train
4.765843084846439,156.0,983.476,train
4.47108754034966,41.0,830.823,train
4.911364211960913,85.0,725.375,train
5.495142488942898,119.0,499.632,train
7.122518265519768,99.0,125.368,train
7.310622779223576,154.0,123.119,train
6.931282129164956,29.0,100.626,train
6.450850049217584,128.0,234.459,train
6.944385836754634,89.0,140.30700000000002,train
6.07203698380928,148.0,333.767,train
4.429627391102977,150.0,1278.071,train
6.942988894539478,30.0,100.71,train
5.810083691267166,58.0,310.219,train
5.600662893892147,78.0,402.872,train
5.644012076648347,155.0,479.824,train
6.076633061461393,69.0,263.269,train
4.856166802678227,124.0,851.698,train
6.668191974911013,82.0,171.37900000000005,train
5.222675854585503,22.0,372.182,train
5.117500133660738,14.0,353.11400000000015,train
6.5308550113367465,82.0,191.677,train
4.9263036050651285,84.0,714.007,train
5.429338771276498,41.0,380.483,train
6.010672035804171,50.0,251.736,train
4.807070970662206,72.0,750.618,train
6.800833117622245,143.0,182.355,train
5.815351862225333,33.0,259.933,train
5.9985256701961625,140.0,348.398,train
4.194553451433821,33.0,973.96,train
6.212101515780968,115.0,275.638,train
5.390079725605964,142.0,574.539,train
5.645760303286111,91.0,407.086,train
5.285346730163488,65.0,492.653,train
4.6514732198722974,86.0,899.717,train
6.9229996524966415,127.0,159.186,train
4.135244749702103,26.0,950.276,train
6.734083735218505,8.0,79.681,train
5.5869515798150005,141.0,488.312,train
5.8162462374853146,126.0,391.372,train
6.796660620647468,128.0,176.875,train
