wages,w_hours,w_days,kpi,base,age,nationality,gender
148.07,36.3,7,0.8,121,21.0,NE,F
35.55,15.1,2,1.2,238,19.0,TN,F
4.5,5.5,1,0.8,217,19.0,NE,M
2822.8,133.5,18,1.0,242,42.0,DE,M
7.23,7.4,1,1.0,162,18.0,NI,M
33.08,15.9,2,1.2,178,22.0,TN,M
661.33,88.5,13,1.0,152,44.0,UK,M
1020.32,71.1,13,0.8,283,51.0,FR,M
1007.95,85.3,13,1.0,232,39.0,AR,M
58.99,18.4,3,0.8,217,19.0,NI,F
391.63,55.4,9,0.8,134,22.0,CN,F
3033.13,154.2,26,0.8,154,52.0,UK,M
1149.42,75.5,11,1.0,284,43.0,AR,M
82.28,27.8,4,1.0,194,18.0,NI,F
1549.38,149.2,20,1.0,137,40.0,RU,F
720.77,83.6,15,0.8,151,31.0,UK,M
1445.92,90.6,14,0.8,237,49.0,US,M
138.21,37.2,5,1.0,131,21.0,NG,M
3290.19,166.3,25,1.0,166,33.0,DE,F
1105.04,83.5,16,0.8,146,32.0,UK,F
3061.96,136.6,18,1.2,215,47.0,DE,F
2.85,5.7,1,0.8,129,17.0,TN,F
751.82,68.1,10,1.0,285,33.0,US,F
2128.41,106.9,16,1.0,256,36.0,RU,M
3439.53,141.5,22,0.8,230,46.0,UK,M
204.21,32.5,6,0.8,268,18.0,NG,M
1998.2,113.4,20,0.8,224,41.0,RU,F
516.69,78.5,10,1.2,171,54.0,DE,M
135.07,31.4,4,1.2,274,19.0,NG,F
3858.32,159.5,20,1.2,250,38.0,US,M
656.32,67.9,13,0.8,130,39.0,DE,F
1128.91,94.8,12,1.2,256,31.0,AR,M
2411.71,138.8,20,1.0,153,32.0,RU,M
402.57,56.4,10,0.8,188,29.0,JP,M
21.55,15.6,3,0.8,125,22.0,TN,F
5.53,5.6,1,0.8,264,19.0,PK,M
607.02,57.9,10,0.8,269,49.0,RU,M
158.71,36.0,7,0.8,163,18.0,NI,F
2935.03,149.2,21,1.0,243,35.0,AR,M
539.18,65.9,9,1.0,232,41.0,UK,M
5118.61,202.4,27,1.0,239,37.0,DE,F
1269.57,106.3,14,1.2,218,26.0,FR,M
104.38,28.1,5,0.8,131,21.0,TH,M
3857.58,142.0,24,0.8,287,30.0,AR,F
2709.52,130.0,21,0.8,252,38.0,RU,M
2738.83,111.0,18,0.8,235,51.0,AR,F
2452.19,142.0,19,1.0,231,49.0,DE,F
3944.6,131.8,20,1.0,253,53.0,RU,F
518.21,66.0,11,0.8,185,34.0,FR,F
1304.6,126.4,21,0.8,126,46.0,DE,M
1272.95,143.9,18,1.2,132,35.0,AR,M
7.79,7.6,1,1.2,214,18.0,LY,F
929.46,113.3,15,1.2,143,28.0,DE,M
1640.43,114.9,20,0.8,184,35.0,AR,M
95.1,26.2,4,1.0,231,17.0,LY,M
2793.53,125.8,23,0.8,196,52.0,FR,M
2656.72,162.1,26,0.8,161,43.0,US,F
1624.7,115.8,17,1.0,212,47.0,DE,F
586.16,47.5,9,0.8,232,51.0,UK,M
25.31,14.8,2,1.0,218,17.0,TH,F
6487.2,210.8,27,1.2,234,53.0,AR,F
2569.41,178.8,25,1.0,153,45.0,AR,M
1589.03,145.5,19,1.2,153,49.0,FR,M
319.45,42.4,7,0.8,274,22.0,TW,F
696.2,62.1,9,1.0,210,51.0,US,M
1412.76,122.9,20,0.8,147,42.0,AR,M
126.7,36.8,7,0.8,130,17.0,NE,M
2551.13,115.9,21,0.8,271,31.0,RU,F
3286.92,152.7,25,0.8,176,42.0,RU,M
269.26,54.8,10,0.8,132,18.0,TN,M
1818.49,78.8,15,0.8,263,26.0,US,F
640.17,70.5,11,0.8,215,29.0,FR,M
45.54,22.0,4,0.8,135,20.0,NI,F
960.84,99.9,14,1.0,140,30.0,AR,M
811.95,61.3,12,0.8,280,32.0,DE,M
3135.42,150.0,23,1.0,236,49.0,RU,F
1512.38,118.2,15,1.2,222,41.0,AR,F
2006.75,119.8,18,1.0,190,41.0,FR,M
243.14,42.0,6,1.0,199,18.0,PK,M
1737.28,104.9,15,1.0,282,29.0,US,F
1964.69,111.5,15,1.0,242,46.0,AR,M
291.9,39.0,5,1.2,258,18.0,PK,F
3694.77,191.7,27,1.0,188,34.0,FR,M
3974.63,132.7,18,1.0,281,47.0,UK,M
5.62,7.1,1,1.0,208,17.0,LY,F
240.64,37.3,6,0.8,279,18.0,NE,F
569.53,46.9,9,0.8,275,48.0,RU,F
427.23,54.4,10,0.8,136,23.0,AR,M
21.95,13.2,2,1.0,215,21.0,PK,F
66.44,23.0,3,1.2,201,19.0,NG,F
493.6,69.4,13,0.8,141,27.0,HK,M
4120.16,199.7,25,1.2,215,53.0,FR,F
29.93,16.5,3,0.8,156,22.0,TH,M
1060.21,65.5,12,0.8,279,42.0,UK,F
76.74,31.9,4,1.2,156,21.0,NE,M
92.88,22.4,4,0.8,212,18.0,TH,F
2553.31,153.4,22,1.0,157,35.0,AR,M
1971.28,139.9,19,1.0,191,35.0,DE,M
21.77,15.9,2,1.2,181,20.0,NE,M
556.58,74.5,13,0.8,150,50.0,RU,F
1581.29,95.2,12,1.2,283,28.0,FR,F
5.92,7.0,1,1.0,146,20.0,TH,F
201.59,34.3,5,1.0,244,22.0,NG,M
3040.68,205.9,27,1.2,140,51.0,UK,M
2834.14,158.8,25,0.8,184,34.0,RU,M
2165.53,150.1,21,1.0,141,29.0,DE,F
660.29,68.4,10,1.0,198,26.0,UK,M
1028.29,70.9,14,0.8,177,48.0,US,F
440.78,58.8,8,1.0,241,24.0,TW,F
654.25,59.2,10,0.8,228,30.0,UK,F
2385.38,142.5,19,1.2,225,54.0,US,F
94.13,23.2,3,1.2,274,20.0,TN,F
529.69,59.2,9,1.0,169,50.0,RU,M
28.78,13.8,2,1.0,178,21.0,LY,M
1293.52,92.2,17,0.8,216,27.0,FR,F
1775.38,88.9,17,0.8,243,48.0,AR,F
4848.67,197.6,27,1.0,236,51.0,AR,F
464.55,51.6,9,0.8,206,29.0,AR,M
302.53,45.7,6,1.2,280,28.0,TW,F
2322.1,192.6,26,1.0,125,34.0,FR,F
887.3,86.1,11,1.2,242,30.0,UK,M
61.87,22.6,4,0.8,176,20.0,LY,M
2377.1,151.6,19,1.2,216,27.0,AR,M
1030.04,98.7,16,0.8,133,49.0,AR,M
1061.9,61.1,11,0.8,272,33.0,US,F
446.22,56.8,11,0.8,187,29.0,HK,F
116.02,30.5,4,1.2,165,17.0,TH,M
524.15,60.4,9,1.0,248,41.0,FR,M
1615.94,155.6,20,1.2,134,53.0,DE,F
133.42,30.2,4,1.2,281,19.0,TH,F
1669.64,87.0,15,0.8,261,41.0,FR,F
3250.02,130.7,24,0.8,175,34.0,RU,F
975.89,123.8,17,1.0,124,44.0,UK,M
5303.39,156.7,22,1.0,261,32.0,AR,M
1853.9,115.5,15,1.2,222,42.0,RU,F
14.4,14.8,2,1.0,131,17.0,NI,F
1381.9,148.0,19,1.2,129,47.0,AR,M
3303.81,153.5,20,1.2,279,26.0,US,M
3386.25,135.4,25,0.8,206,44.0,FR,M
346.85,60.7,8,1.2,184,22.0,HK,F
836.65,65.4,10,1.0,262,47.0,UK,M
3423.98,152.3,24,0.8,238,49.0,US,M
3.63,6.9,1,1.0,140,19.0,NI,F
977.71,61.3,12,0.8,227,46.0,US,F
2811.33,154.1,21,1.0,150,36.0,AR,F
1303.93,109.6,16,1.0,127,32.0,FR,F
99.77,27.4,4,1.0,237,21.0,LY,F
3370.85,207.2,27,1.2,156,29.0,DE,M
994.41,67.0,11,0.8,278,35.0,AR,M
6.46,7.1,1,1.0,238,21.0,TN,F
4.1,7.4,1,1.0,143,20.0,NG,M
496.24,59.2,8,1.0,271,28.0,RU,F
122.42,31.7,4,1.2,251,20.0,TN,M
1126.74,82.7,13,0.8,266,45.0,DE,M
4432.72,189.3,25,1.2,243,41.0,US,F
118.36,23.7,3,1.2,281,18.0,PK,F
741.77,57.4,11,0.8,240,52.0,FR,M
5250.66,161.6,23,1.0,240,31.0,RU,F
1521.69,118.9,15,1.2,220,49.0,RU,F
40.72,20.7,3,1.0,138,17.0,NE,F
2392.55,126.3,22,0.8,179,46.0,UK,M
155.67,32.2,5,0.8,201,19.0,PK,M
1577.13,92.9,15,0.8,287,40.0,RU,F
1118.09,81.9,16,0.8,223,54.0,AR,F
365.39,50.9,9,0.8,205,27.0,HK,F
17.73,10.3,2,0.8,220,17.0,NG,M
2976.98,128.4,21,0.8,285,40.0,FR,M
224.51,31.8,5,0.8,242,20.0,NG,F
2742.17,174.0,25,1.0,165,36.0,FR,M
361.59,62.9,10,0.8,148,22.0,CN,F
110.41,28.6,4,1.0,249,18.0,NG,F
361.39,62.9,10,0.8,151,22.0,CN,F
7.81,7.0,1,1.0,230,21.0,NI,F
2225.43,99.7,19,0.8,243,45.0,RU,F
466.89,61.7,12,0.8,161,25.0,AR,M
1666.37,97.2,18,0.8,163,34.0,RU,M
3054.67,155.0,22,1.0,185,29.0,AR,F
1007.17,74.5,14,0.8,198,50.0,DE,F
585.64,66.5,10,1.0,229,44.0,DE,F
1042.55,119.1,16,1.0,145,31.0,RU,F
4880.56,159.8,26,0.8,242,37.0,DE,M
4217.6,191.5,25,1.2,230,37.0,DE,F
182.93,39.1,5,1.2,240,20.0,LY,M
3813.45,155.1,27,0.8,158,34.0,AR,M
422.26,68.3,9,1.2,142,29.0,VN,F
945.52,82.8,16,0.8,184,27.0,RU,F
4158.71,125.2,24,0.8,282,50.0,UK,F
1566.12,107.1,19,0.8,202,44.0,FR,F
3263.54,131.3,25,0.8,173,50.0,FR,F
2911.43,153.4,23,1.0,215,43.0,FR,M
1116.63,82.7,14,0.8,248,29.0,RU,F
41.9,15.5,2,1.2,273,19.0,PK,M
306.01,52.9,7,1.2,171,22.0,CN,M
1395.75,92.5,14,1.0,185,47.0,FR,M
1443.23,75.2,14,0.8,232,39.0,DE,M
246.12,39.1,6,1.0,266,19.0,LY,F
89.44,25.7,4,0.8,152,22.0,TH,M
4.59,5.2,1,0.8,228,19.0,TN,F
331.36,55.0,7,1.2,175,22.0,RU,F
1526.12,101.3,14,1.0,273,54.0,DE,F
1110.09,101.0,16,0.8,145,26.0,UK,M
358.23,46.2,9,0.8,177,29.0,HK,M
849.77,74.2,13,0.8,227,50.0,UK,F
186.13,33.7,5,1.0,280,18.0,TH,F
2182.45,96.1,14,1.0,273,40.0,AR,F
60.08,19.1,3,0.8,271,22.0,NG,M
1632.72,125.8,25,0.8,133,45.0,DE,F
536.8,54.3,7,1.2,242,35.0,US,F
127.04,33.6,6,0.8,164,19.0,TH,M
1179.05,78.7,14,0.8,221,37.0,FR,F
9.5,6.4,1,0.8,246,19.0,PK,M
1364.67,86.8,15,0.8,272,39.0,RU,M
2974.29,132.5,22,0.8,261,42.0,US,F
3951.1,180.8,24,1.2,160,46.0,DE,M
1851.97,132.0,17,1.2,210,30.0,DE,F
1208.45,104.7,15,1.0,199,43.0,AR,F
27.02,15.0,3,0.8,155,20.0,NI,M
403.1,54.3,9,0.8,211,29.0,HK,M
678.53,73.1,13,0.8,184,53.0,DE,F
62.08,27.0,4,1.0,152,19.0,NI,F
546.39,68.9,9,1.2,224,34.0,AR,F
1466.13,95.5,12,1.2,262,32.0,UK,M
607.89,56.4,10,0.8,185,26.0,US,M
3224.12,119.7,18,1.0,254,36.0,FR,F
3676.89,178.7,26,1.0,164,38.0,US,F
5025.24,204.8,27,1.2,234,51.0,RU,M
1803.04,125.8,16,1.2,187,30.0,FR,M
3046.45,139.4,24,0.8,160,29.0,FR,F
511.19,63.4,9,1.0,187,53.0,RU,M
2942.65,128.7,19,1.0,207,29.0,AR,M
1685.44,121.6,23,0.8,154,54.0,US,F
1044.67,115.6,15,1.2,154,29.0,UK,M
74.96,22.6,3,1.2,281,17.0,PK,M
311.94,49.3,8,0.8,164,23.0,VN,F
3788.48,135.9,24,0.8,202,29.0,US,F
1396.35,98.8,18,0.8,139,30.0,AR,F
1061.81,80.2,11,1.0,208,33.0,AR,F
1563.82,125.5,24,0.8,139,32.0,RU,F
274.13,48.3,9,0.8,163,18.0,NE,F
1040.42,93.5,15,0.8,190,30.0,US,M
4076.6,164.3,25,1.0,257,39.0,DE,M
4670.23,138.0,22,0.8,262,26.0,RU,F
33.62,17.8,3,0.8,163,19.0,PK,M
19.2,14.0,2,1.0,143,17.0,PK,F
2111.9,130.3,19,1.0,218,41.0,FR,F
1260.25,81.1,15,0.8,181,50.0,DE,F
272.68,55.4,9,0.8,143,20.0,TH,M
744.53,51.0,9,0.8,277,50.0,FR,F
2911.56,148.4,23,0.8,222,39.0,AR,M
2866.36,157.7,20,1.2,235,43.0,UK,F
3281.41,165.7,23,1.0,180,35.0,DE,M
571.94,59.4,9,1.0,223,49.0,RU,F
2214.5,113.3,21,0.8,194,44.0,AR,F
316.71,53.4,8,1.0,195,28.0,HK,M
182.46,31.5,6,0.8,245,22.0,NG,M
52.84,23.7,3,1.2,190,18.0,TH,F
2972.81,130.4,20,1.0,235,30.0,RU,M
21.38,10.6,2,0.8,205,22.0,NG,M
2142.38,139.2,20,1.0,201,28.0,AR,M
2578.67,164.2,22,1.0,187,33.0,DE,F
3251.38,209.5,27,1.2,152,52.0,UK,M
614.91,66.6,12,0.8,196,35.0,FR,F
5861.38,169.4,25,1.0,280,28.0,AR,M
1377.67,121.9,23,0.8,128,36.0,FR,M
155.12,40.5,7,0.8,142,17.0,TH,M
2784.12,150.0,26,0.8,183,49.0,US,M
2189.15,126.2,17,1.0,262,27.0,US,M
3664.96,142.7,24,0.8,217,28.0,DE,F
3161.29,160.7,26,0.8,159,50.0,UK,F
133.34,48.0,6,1.2,125,18.0,LY,M
632.02,87.3,11,1.2,171,44.0,DE,M
32.06,16.9,3,0.8,166,19.0,PK,M
1786.26,128.9,23,0.8,157,47.0,FR,F
1480.14,136.9,22,0.8,130,42.0,US,F
2883.41,120.1,24,0.8,204,35.0,RU,F
1024.63,71.4,13,0.8,280,32.0,FR,F
17.33,12.7,2,0.8,176,18.0,PK,F
2314.6,129.2,21,0.8,218,40.0,FR,M
399.99,67.8,12,0.8,132,23.0,RU,M
1872.89,102.2,19,0.8,250,36.0,UK,F
862.5,96.7,13,1.0,180,27.0,FR,M
1729.93,126.3,21,0.8,133,40.0,DE,M
3311.68,137.6,20,1.0,208,52.0,UK,F
205.56,40.8,8,0.8,163,22.0,PK,F
483.78,69.2,12,0.8,121,22.0,RU,F
650.89,73.0,13,0.8,178,50.0,DE,M
4284.65,151.4,27,0.8,271,48.0,FR,M
1548.4,84.9,16,0.8,237,38.0,US,M
263.19,38.0,5,1.2,282,21.0,TN,M
5122.11,169.6,26,1.0,200,49.0,RU,M
2384.31,149.5,20,1.0,204,51.0,US,F
4438.86,198.2,25,1.2,188,33.0,US,F
1705.64,139.4,21,1.0,123,36.0,RU,M
1970.98,121.6,19,0.8,223,43.0,US,F
4.84,7.7,1,1.2,134,21.0,NG,F
2077.08,119.3,22,0.8,163,52.0,RU,F
41.15,17.8,3,0.8,198,17.0,TH,F
231.28,50.7,7,1.0,133,17.0,NG,F
23.43,12.5,2,0.8,244,20.0,PK,M
3210.85,195.9,26,1.2,166,53.0,FR,F
734.02,69.1,11,0.8,202,40.0,AR,F
1662.25,116.7,18,0.8,167,38.0,UK,F
2856.38,173.6,25,1.0,170,39.0,DE,F
2355.97,156.4,25,0.8,157,51.0,US,F
2326.64,141.1,24,0.8,144,53.0,FR,F
1107.32,92.8,12,1.2,170,49.0,FR,F
7712.87,206.4,27,1.2,282,46.0,AR,F
681.78,54.8,10,0.8,258,48.0,UK,M
2055.09,88.3,16,0.8,250,54.0,AR,M
737.39,80.0,14,0.8,171,39.0,AR,M
445.57,56.1,8,1.0,256,29.0,HK,M
3384.67,182.1,25,1.0,132,53.0,FR,F
1268.9,85.5,11,1.2,275,41.0,US,M
1288.6,118.0,19,0.8,147,54.0,US,F
688.08,71.9,12,0.8,203,42.0,DE,M
109.95,27.6,5,0.8,204,21.0,NG,M
1480.58,106.9,18,0.8,200,34.0,AR,M
572.6,78.8,14,0.8,134,31.0,AR,F
2015.59,116.5,19,0.8,158,40.0,RU,F
67.45,22.3,4,0.8,160,17.0,TH,M
934.47,57.6,10,0.8,277,36.0,UK,F
2118.64,128.5,24,0.8,145,27.0,AR,M
356.11,53.8,8,1.0,141,24.0,TW,F
235.58,37.9,6,0.8,210,20.0,LY,M
13.63,14.7,2,1.0,124,21.0,PK,M
974.3,70.4,10,1.0,283,33.0,UK,F
146.02,35.4,5,1.0,210,19.0,TH,M
940.24,89.3,16,0.8,170,37.0,RU,M
769.8,83.7,16,0.8,150,50.0,UK,M
1922.23,99.8,18,0.8,220,29.0,FR,M
4481.05,133.9,26,0.8,217,34.0,UK,M
2673.21,169.9,27,0.8,124,49.0,UK,F
465.68,42.1,7,0.8,266,24.0,HK,F
2969.28,138.1,24,0.8,187,28.0,AR,F
985.55,85.3,14,0.8,210,44.0,UK,M
3348.55,144.3,21,1.0,229,28.0,UK,M
3418.84,160.0,27,0.8,166,36.0,AR,F
453.95,55.5,11,0.8,126,22.0,VN,F
277.98,45.1,7,0.8,227,21.0,NI,M
2749.61,137.3,27,0.8,192,27.0,AR,M
66.12,19.9,3,1.0,283,21.0,LY,F
1088.47,82.1,12,1.0,228,44.0,DE,F
2230.96,94.3,18,0.8,270,50.0,UK,F
2987.5,136.7,24,0.8,157,33.0,DE,F
414.9,47.6,7,1.0,211,27.0,JP,M
1745.74,117.4,18,1.0,171,54.0,AR,M
1439.31,138.5,19,1.0,145,49.0,UK,F
306.76,37.7,7,0.8,196,24.0,CN,F
22.7,13.2,2,1.0,177,20.0,TH,M
3891.77,139.6,24,0.8,200,45.0,FR,M
1023.82,68.5,12,0.8,211,47.0,FR,M
6.37,7.0,1,1.0,232,17.0,NE,M
3175.19,141.3,21,1.0,221,51.0,UK,M
2192.57,95.4,19,0.8,245,38.0,FR,F
141.09,34.3,6,0.8,179,17.0,TN,M
784.03,73.0,13,0.8,172,30.0,RU,F
1063.96,78.8,14,0.8,250,37.0,AR,F
111.71,26.2,5,0.8,220,21.0,LY,M
1621.78,93.4,18,0.8,246,46.0,US,F
258.76,45.6,9,0.8,163,21.0,TN,F
1212.0,79.2,15,0.8,264,44.0,FR,F
4.02,6.9,1,1.0,147,20.0,NG,M
4675.68,174.5,27,0.8,256,44.0,FR,F
1926.91,127.2,19,1.0,206,39.0,UK,M
3381.76,166.9,23,1.0,227,51.0,AR,M
459.91,63.5,11,0.8,173,22.0,JP,M
671.75,99.5,13,1.2,133,37.0,FR,M
46.74,17.1,3,0.8,156,17.0,TN,M
939.78,87.6,13,1.0,216,45.0,AR,M
4638.73,159.8,24,1.0,250,51.0,RU,M
1167.81,86.9,15,0.8,183,28.0,RU,F
994.93,103.2,16,0.8,158,26.0,DE,F
36.79,13.7,2,1.0,277,18.0,TN,M
68.46,22.6,4,0.8,157,21.0,TH,M
3.84,6.2,1,0.8,157,17.0,TH,F
1475.38,91.4,15,0.8,278,49.0,DE,F
18.87,15.0,2,1.2,161,20.0,PK,F
3789.45,145.7,26,0.8,206,31.0,DE,F
284.75,49.3,7,1.0,214,19.0,NG,M
817.97,85.6,11,1.2,149,48.0,DE,F
513.45,55.2,7,1.2,230,33.0,US,F
2537.74,198.6,26,1.2,129,43.0,US,F
7.82,6.9,1,1.0,287,22.0,TH,F
2638.03,147.9,26,0.8,177,33.0,US,M
277.28,39.6,7,0.8,205,20.0,NI,F
767.31,70.3,11,0.8,255,38.0,FR,F
1988.73,105.8,16,1.0,241,42.0,US,F
57.72,23.3,3,1.2,172,21.0,NG,F
3952.86,135.2,22,0.8,226,53.0,UK,F
3601.45,184.8,27,1.0,149,30.0,UK,M
123.69,25.6,4,0.8,247,18.0,NI,M
2084.33,118.0,16,1.0,283,33.0,DE,M
1290.87,119.0,18,1.0,155,47.0,AR,M
403.9,77.8,10,1.2,138,22.0,RU,F
2206.04,145.8,20,1.0,158,41.0,FR,F
1506.89,112.6,18,0.8,128,46.0,FR,F
1283.8,106.5,14,1.2,177,40.0,AR,M
3228.88,159.4,21,1.2,249,30.0,AR,M
1707.53,92.5,12,1.2,263,28.0,FR,F
447.94,54.9,8,1.0,265,29.0,TW,M
362.55,46.0,6,1.2,270,28.0,RU,M
564.84,81.9,12,1.0,147,48.0,FR,M
3774.1,162.2,25,0.8,192,52.0,RU,F
508.88,57.6,8,1.0,284,40.0,DE,F
330.27,60.1,8,1.2,143,25.0,HK,F
253.27,60.7,9,1.0,122,18.0,NI,F
2979.5,192.0,27,1.0,153,41.0,UK,F
327.46,49.6,8,0.8,211,23.0,TW,F
1874.54,149.0,23,0.8,146,46.0,AR,M
3307.75,145.3,25,0.8,159,41.0,AR,M
1593.06,135.7,18,1.2,137,30.0,DE,M
1763.1,121.9,24,0.8,159,39.0,RU,F
1703.03,114.4,15,1.2,257,40.0,UK,F
4875.06,156.7,25,0.8,253,27.0,UK,M
6212.48,143.6,26,0.8,280,35.0,RU,F
688.0,87.1,12,1.0,173,30.0,FR,M
374.04,41.5,7,0.8,221,23.0,VN,F
4291.79,153.4,26,0.8,275,30.0,DE,F
191.92,47.7,7,1.0,149,20.0,LY,F
139.85,43.1,7,0.8,125,21.0,PK,F
540.59,62.8,10,0.8,176,40.0,DE,M
1533.74,78.8,12,1.0,276,44.0,DE,M
780.01,107.3,14,1.2,138,48.0,FR,F
1338.9,95.0,16,0.8,229,42.0,UK,M
782.53,58.1,9,0.8,256,30.0,AR,F
63.55,23.6,3,1.2,188,21.0,PK,M
226.44,52.4,7,1.0,126,17.0,NG,F
294.4,41.8,8,0.8,227,17.0,LY,F
4082.82,160.8,23,1.0,284,27.0,FR,M
654.07,63.9,8,1.2,263,32.0,UK,F
1805.71,131.6,20,1.0,179,29.0,US,F
59.93,23.0,3,1.2,147,20.0,NI,M
75.44,21.4,3,1.0,242,19.0,NE,F
627.99,67.4,9,1.0,216,37.0,FR,F
1985.07,110.8,16,1.0,189,34.0,UK,F
5430.41,186.6,27,1.0,185,28.0,US,M
411.59,65.3,10,1.0,166,24.0,HK,M
1715.94,101.7,17,0.8,253,54.0,UK,M
3787.23,125.3,23,0.8,271,35.0,FR,F
72.69,28.0,5,0.8,139,19.0,TN,F
2191.59,134.3,22,0.8,190,26.0,RU,M
1259.78,92.4,15,0.8,236,49.0,AR,F
292.55,51.6,9,0.8,167,17.0,NI,M
1539.11,111.1,18,0.8,201,31.0,AR,F
3039.32,135.2,24,0.8,244,29.0,UK,M
684.25,62.4,8,1.2,237,54.0,AR,F
606.09,71.6,11,1.0,197,28.0,RU,F
18.98,10.0,2,0.8,163,21.0,TH,M
1342.06,80.7,13,0.8,259,46.0,US,M
3424.02,161.2,22,1.0,196,30.0,FR,F
2048.76,125.5,16,1.2,261,28.0,FR,M
3136.18,152.2,23,1.0,183,50.0,RU,F
119.07,29.7,4,1.0,204,21.0,TH,M
1028.37,77.3,11,1.0,249,35.0,RU,F
1223.16,81.9,12,1.0,254,43.0,UK,F
22.94,12.9,2,0.8,228,21.0,LY,M
3071.32,142.7,20,1.0,275,47.0,US,F
393.84,66.8,12,0.8,129,28.0,RU,F
3300.3,182.9,25,1.0,149,44.0,AR,F
3.52,5.9,1,0.8,163,20.0,NE,M
3426.23,178.1,25,1.0,199,42.0,DE,M
1910.16,151.5,20,1.2,163,49.0,DE,M
33.74,14.7,2,1.0,237,21.0,LY,F
167.26,30.7,6,0.8,234,21.0,LY,M
39.03,12.4,2,0.8,272,19.0,NE,M
746.81,79.6,13,0.8,149,53.0,AR,M
32.98,12.9,2,0.8,264,17.0,NG,M
504.92,55.0,9,0.8,261,36.0,DE,F
775.34,53.1,9,0.8,274,48.0,UK,M
88.98,32.0,6,0.8,121,20.0,PK,F
186.77,27.0,5,0.8,280,19.0,NE,M
264.64,41.5,8,0.8,207,19.0,PK,M
2347.13,119.1,22,0.8,187,42.0,AR,F
3454.69,152.6,20,1.2,287,27.0,AR,M
3848.73,178.8,25,1.0,177,47.0,RU,F
2588.49,124.2,21,0.8,256,47.0,US,F
1952.09,150.4,25,0.8,136,44.0,AR,M
3108.19,156.6,24,1.0,146,35.0,US,F
496.41,58.2,10,0.8,221,27.0,RU,F
174.44,34.2,5,1.0,263,21.0,TN,M
2540.27,113.4,18,0.8,258,36.0,AR,F
129.98,21.1,4,0.8,262,20.0,NE,F
544.2,59.9,11,0.8,170,43.0,FR,M
4331.87,152.9,21,1.0,273,32.0,UK,M
1628.46,157.8,21,1.2,130,28.0,FR,M
2915.72,135.9,26,0.8,211,49.0,FR,F
3557.34,141.4,24,0.8,266,53.0,FR,F
546.51,62.9,9,1.0,198,28.0,RU,F
3706.8,165.5,25,1.0,185,50.0,AR,M
976.73,73.4,11,1.0,249,28.0,RU,F
6553.51,164.1,24,1.0,286,47.0,DE,F
4973.04,165.3,25,1.0,205,36.0,DE,M
283.64,39.1,6,1.0,246,18.0,NG,M
2072.01,157.4,20,1.2,169,50.0,DE,F
2153.23,106.4,15,1.0,274,32.0,DE,F
780.1,69.5,11,0.8,265,53.0,RU,M
1414.95,75.8,15,0.8,256,40.0,FR,M
841.78,87.5,14,0.8,141,30.0,AR,M
386.04,47.7,6,1.2,275,27.0,JP,M
5849.81,197.4,26,1.2,232,32.0,US,M
4929.58,178.1,23,1.2,209,48.0,FR,M
389.34,62.0,8,1.2,138,29.0,TW,F
846.01,89.1,12,1.0,162,43.0,AR,F
253.77,38.6,5,1.2,266,21.0,TN,F
1888.87,106.0,17,0.8,266,31.0,AR,F
2265.43,150.1,22,1.0,175,53.0,DE,M
25.95,11.7,2,0.8,282,18.0,PK,F
2878.48,137.3,20,1.0,268,30.0,FR,F
460.15,57.5,8,1.0,206,23.0,RU,F
1558.13,94.1,15,0.8,282,36.0,FR,F
642.91,69.3,13,0.8,182,54.0,DE,F
5036.58,131.6,23,0.8,285,49.0,US,F
2057.05,125.3,23,0.8,182,36.0,FR,F
41.57,18.7,3,0.8,190,20.0,TN,F
4688.42,152.7,24,0.8,260,30.0,US,F
515.11,76.3,13,0.8,134,30.0,AR,F
1515.7,94.0,18,0.8,184,33.0,DE,F
3026.45,117.1,22,0.8,241,39.0,US,F
1504.44,138.7,18,1.2,158,43.0,RU,M
664.51,77.9,10,1.2,220,39.0,AR,F
736.9,61.4,12,0.8,208,47.0,AR,M
3608.06,136.0,26,0.8,259,41.0,DE,M
1431.57,83.6,16,0.8,221,46.0,RU,F
1060.15,107.3,16,1.0,127,46.0,US,F
524.97,72.5,11,1.0,169,53.0,US,M
93.46,23.3,4,0.8,208,20.0,PK,F
39.4,13.2,2,1.0,254,17.0,LY,M
4086.37,164.7,25,1.0,254,46.0,US,F
349.73,40.6,8,0.8,276,24.0,JP,M
1485.46,82.3,15,0.8,208,34.0,FR,M
42.32,17.9,3,0.8,161,18.0,PK,F
3101.92,165.3,26,0.8,153,40.0,DE,F
962.42,86.3,15,0.8,132,48.0,UK,M
25.78,13.7,2,1.0,243,21.0,TH,F
508.47,66.1,10,1.0,201,53.0,FR,F
153.46,34.3,5,1.0,184,19.0,LY,M
190.22,34.9,6,0.8,236,21.0,TH,F
2312.73,156.6,27,0.8,142,47.0,UK,M
41.25,13.7,2,1.0,256,22.0,LY,M
681.48,86.3,12,1.0,173,47.0,RU,M
296.18,46.1,9,0.8,185,17.0,NG,M
6001.64,171.1,26,1.0,275,37.0,DE,M
551.51,81.7,13,0.8,134,46.0,UK,M
606.48,60.2,9,1.0,194,29.0,RU,M
3110.93,172.4,25,1.0,152,54.0,US,F
434.42,60.0,11,0.8,174,26.0,JP,M
3330.71,149.3,27,0.8,171,53.0,DE,F
277.94,38.3,7,0.8,178,17.0,PK,M
2599.12,143.0,20,1.0,233,35.0,UK,F
423.74,70.4,11,0.8,142,29.0,TW,M
1110.99,77.4,13,0.8,282,38.0,UK,F
58.25,26.6,4,1.0,145,22.0,TN,F
45.03,18.8,3,0.8,204,19.0,NI,F
5942.82,175.6,22,1.2,262,45.0,AR,F
2461.95,166.7,27,0.8,145,39.0,AR,M
2529.52,128.6,21,0.8,240,36.0,DE,M
3846.19,148.8,26,0.8,172,34.0,RU,M
3711.32,127.8,25,0.8,198,37.0,US,M
19.02,10.1,2,0.8,191,18.0,NG,M
8.51,7.9,1,1.2,275,21.0,NG,F
1068.58,92.5,14,1.0,212,44.0,FR,F
581.85,70.5,10,1.0,215,39.0,FR,M
3250.65,127.9,23,0.8,224,32.0,FR,M
1163.62,100.7,14,1.0,212,27.0,UK,F
647.04,84.5,14,0.8,144,29.0,RU,F
4072.58,142.2,23,0.8,214,45.0,US,F
6445.6,213.2,27,1.2,192,31.0,US,F
24.07,14.7,2,1.0,216,17.0,NI,F
3.63,6.9,1,1.0,139,18.0,NI,M
2466.73,134.3,18,1.0,265,54.0,AR,M
833.61,55.7,10,0.8,257,38.0,US,M
661.15,65.6,9,1.0,192,40.0,DE,F
4150.65,146.5,21,1.0,277,28.0,FR,F
119.41,39.7,5,1.2,154,17.0,TH,M
957.34,83.8,16,0.8,187,41.0,RU,M
1143.32,79.1,11,1.0,272,40.0,DE,M
245.9,34.8,5,1.0,243,21.0,LY,F
3834.65,178.0,23,1.2,240,37.0,UK,M
934.05,64.6,11,0.8,271,50.0,UK,F
477.33,57.6,8,1.0,179,24.0,TW,F
653.79,66.0,12,0.8,214,37.0,DE,M
2114.88,168.1,23,1.0,142,47.0,UK,F
1740.05,116.9,15,1.2,258,27.0,RU,M
298.55,40.7,7,0.8,269,22.0,PK,F
3756.84,161.3,26,0.8,188,30.0,US,F
4219.95,164.1,27,0.8,167,47.0,UK,F
103.21,31.3,5,0.8,172,17.0,NE,M
568.51,57.2,10,0.8,174,51.0,AR,M
437.53,58.4,8,1.0,241,28.0,RU,F
2330.33,116.7,17,1.0,242,40.0,US,M
2136.75,85.6,15,0.8,284,26.0,DE,F
230.41,38.6,7,0.8,222,22.0,TN,F
997.95,89.7,15,0.8,195,48.0,DE,M
2617.52,174.5,23,1.2,139,31.0,UK,F
2378.68,96.2,17,0.8,249,30.0,UK,M
1563.23,107.8,17,0.8,222,49.0,RU,M
665.51,69.0,10,1.0,251,50.0,US,M
154.8,30.0,6,0.8,175,18.0,TN,M
247.56,47.7,7,1.0,189,21.0,NG,F
2088.36,118.0,23,0.8,197,30.0,FR,M
74.47,23.3,4,0.8,205,20.0,NI,F
42.02,15.7,3,0.8,186,19.0,PK,F
1425.96,101.5,15,1.0,238,31.0,US,F
2468.87,130.7,19,1.0,173,29.0,FR,M
4347.69,194.2,26,1.0,176,35.0,US,F
1708.4,93.9,17,0.8,218,37.0,UK,F
86.84,26.3,4,1.0,174,18.0,LY,F
2435.99,153.9,20,1.2,166,37.0,UK,M
1094.46,78.4,15,0.8,192,46.0,US,F
1624.59,119.6,22,0.8,132,36.0,AR,F
162.71,38.0,6,0.8,183,17.0,PK,F
58.73,22.2,3,1.0,228,18.0,NG,M
148.59,37.6,6,0.8,172,17.0,TN,M
65.65,22.7,3,1.2,246,17.0,NG,M
707.7,75.4,13,0.8,148,44.0,UK,M
275.3,55.7,8,1.0,128,19.0,PK,M
575.25,61.3,11,0.8,223,43.0,RU,M
63.46,23.2,3,1.2,160,20.0,NG,F
478.66,76.8,12,0.8,134,23.0,RU,F
1158.22,83.2,14,0.8,173,45.0,DE,F
4132.72,154.7,23,1.0,202,50.0,AR,M
559.23,74.1,11,1.0,179,49.0,UK,M
63.77,30.8,4,1.2,133,20.0,TN,M
94.18,21.9,4,0.8,274,21.0,NE,M
6719.7,157.5,27,0.8,266,37.0,DE,F
251.09,38.2,5,1.2,270,22.0,LY,F
727.55,63.2,9,1.0,259,44.0,FR,M
563.56,59.5,11,0.8,175,41.0,FR,M
62.86,32.0,4,1.2,127,17.0,PK,F
2856.8,173.5,24,1.0,181,36.0,DE,M
108.85,24.6,4,0.8,284,20.0,NE,F
2297.06,115.5,18,0.8,224,35.0,AR,F
779.62,97.1,13,1.0,131,47.0,RU,F
2040.51,135.2,22,0.8,179,36.0,UK,F
915.85,76.7,14,0.8,223,31.0,DE,F
553.3,79.8,11,1.0,166,28.0,US,F
4212.04,156.1,20,1.2,278,38.0,RU,F
2608.25,112.4,21,0.8,230,35.0,RU,F
823.64,57.9,9,0.8,269,53.0,DE,M
619.35,59.1,10,0.8,267,49.0,DE,M
5913.23,164.8,27,0.8,229,28.0,UK,M
1000.22,78.6,14,0.8,231,31.0,AR,F
326.64,64.0,11,0.8,122,23.0,AR,M
297.46,48.9,7,1.0,149,19.0,TN,M
38.45,15.0,2,1.2,222,17.0,TH,F
1716.08,92.1,18,0.8,212,40.0,RU,M
2725.18,183.9,24,1.2,131,35.0,AR,F
2013.55,132.2,17,1.2,183,49.0,FR,M
3235.18,197.4,26,1.2,166,41.0,AR,M
180.27,55.6,7,1.2,124,19.0,NE,M
3175.28,106.1,20,0.8,255,46.0,DE,M
3715.42,124.4,24,0.8,256,41.0,RU,M
364.2,41.8,7,0.8,252,27.0,CN,F
1625.85,104.9,18,0.8,181,38.0,FR,F
33.2,15.9,2,1.2,266,18.0,TN,M
9228.24,205.4,27,1.2,285,51.0,DE,F
3039.15,171.7,23,1.0,202,31.0,RU,M
1016.71,85.9,11,1.2,279,54.0,RU,F
2747.23,133.6,17,1.2,251,45.0,FR,M
2510.11,125.7,17,1.0,239,51.0,FR,M
6426.94,196.8,27,1.0,245,41.0,RU,M
2601.63,143.3,22,1.0,211,38.0,RU,M
5.09,6.6,1,1.0,198,17.0,PK,M
4229.1,168.3,27,0.8,189,39.0,AR,M
4126.55,134.4,24,0.8,260,46.0,UK,M
2675.76,122.9,18,1.0,249,51.0,UK,F
38.2,11.7,2,0.8,274,19.0,LY,F
1644.18,94.2,12,1.2,251,34.0,US,M
4594.27,158.9,22,1.0,268,42.0,FR,M
816.86,76.3,15,0.8,182,27.0,US,F
1242.59,113.8,19,0.8,149,26.0,UK,F
7.61,7.3,1,1.0,262,21.0,NI,M
1615.85,90.3,18,0.8,171,38.0,AR,M
87.71,21.2,4,0.8,216,18.0,NE,F
3873.9,151.4,20,1.2,259,54.0,RU,M
1640.26,130.1,20,1.0,164,29.0,UK,F
1627.94,89.0,17,0.8,278,38.0,UK,F
300.28,41.3,8,0.8,233,23.0,RU,F
1119.71,111.0,16,1.0,164,43.0,FR,M
4707.27,154.6,22,1.0,280,28.0,FR,F
54.8,23.8,3,1.2,201,17.0,TH,M
439.69,58.1,10,0.8,160,23.0,CN,M
4375.51,147.8,23,0.8,217,28.0,AR,F
472.35,50.7,9,0.8,213,28.0,VN,M
4575.37,174.6,25,1.0,268,47.0,RU,M
3261.97,131.0,22,0.8,287,44.0,DE,F
60.49,16.8,3,0.8,205,17.0,TN,M
127.49,28.2,4,1.0,287,21.0,LY,F
1979.35,91.5,13,1.0,280,31.0,RU,M
12.84,10.3,2,0.8,167,18.0,NE,M
2208.57,145.9,23,0.8,169,46.0,RU,F
603.37,87.5,12,1.0,152,44.0,US,F
713.61,80.2,12,1.0,190,39.0,UK,M
445.66,57.9,10,0.8,201,28.0,AR,F
1088.33,88.4,16,0.8,201,35.0,US,F
1396.22,100.5,14,1.0,257,30.0,FR,M
1240.3,85.5,14,0.8,177,52.0,DE,M
1638.3,124.8,24,0.8,145,26.0,UK,F
3081.62,189.0,25,1.2,135,52.0,RU,F
1261.78,113.8,17,1.0,139,31.0,UK,M
428.35,42.9,6,1.0,285,24.0,VN,M
7820.7,188.0,25,1.2,285,41.0,US,M
554.81,60.4,9,1.0,260,38.0,US,M
2236.82,128.7,18,1.0,200,45.0,RU,F
2612.18,167.3,21,1.2,132,29.0,FR,M
2338.45,105.6,16,1.0,281,28.0,DE,M
27.11,15.7,2,1.2,176,18.0,LY,F
326.75,49.5,8,0.8,213,29.0,AR,M
1404.6,106.7,20,0.8,169,52.0,FR,F
970.87,100.7,16,0.8,160,48.0,FR,F
536.98,73.9,14,0.8,135,50.0,FR,M
3503.11,144.8,20,1.0,249,38.0,DE,F
3006.54,175.5,24,1.0,188,28.0,FR,F
4500.95,193.6,27,1.0,178,35.0,DE,F
504.0,71.3,9,1.2,135,35.0,UK,F
4635.73,178.0,27,1.0,246,29.0,FR,M
521.02,73.0,10,1.0,187,42.0,UK,F
2322.05,116.6,19,0.8,270,34.0,DE,M
347.95,45.3,6,1.2,259,23.0,TW,M
114.53,34.8,5,1.0,174,22.0,NE,F
801.8,74.5,10,1.0,273,52.0,FR,M
860.55,81.7,16,0.8,170,46.0,RU,M
62.51,21.1,4,0.8,189,21.0,TH,F
206.32,33.7,6,0.8,262,17.0,PK,M
1723.83,126.3,16,1.2,218,34.0,US,F
2116.91,135.9,21,0.8,189,29.0,DE,F
271.3,33.5,6,0.8,276,21.0,PK,M
2089.27,132.0,20,1.0,165,38.0,DE,M
4225.77,184.5,26,1.0,224,35.0,AR,M
243.14,47.5,6,1.2,219,19.0,TH,M
3357.84,146.1,19,1.2,246,52.0,UK,M
5549.28,171.4,26,1.0,211,39.0,AR,M
185.8,35.9,5,1.0,180,20.0,NG,F
503.43,43.2,7,0.8,283,53.0,FR,M
398.09,47.5,9,0.8,191,22.0,AR,F
227.24,34.6,5,1.0,272,18.0,NG,M
1011.95,62.5,12,0.8,273,33.0,FR,M
210.73,53.6,8,1.0,132,21.0,LY,F
1284.18,91.1,16,0.8,224,53.0,FR,F
879.15,69.9,12,0.8,272,40.0,FR,M
1464.93,116.2,17,1.0,191,28.0,RU,M
650.0,62.0,10,0.8,272,45.0,RU,M
719.13,68.6,10,1.0,268,41.0,FR,F
3425.91,134.8,23,0.8,226,38.0,UK,F
359.31,46.8,6,1.2,265,28.0,RU,M
708.66,77.8,10,1.2,154,34.0,FR,M
818.28,95.5,12,1.2,184,39.0,RU,F
131.24,29.7,4,1.0,226,22.0,TN,M
1736.95,110.6,22,0.8,188,50.0,US,F
966.06,88.6,12,1.0,237,28.0,US,M
3.85,7.4,1,1.0,142,18.0,NE,M
239.67,45.7,9,0.8,123,18.0,NE,M
428.11,57.7,10,0.8,194,29.0,RU,F
283.81,54.4,8,1.0,134,17.0,NI,F
1555.37,117.5,21,0.8,163,50.0,AR,F
4295.28,160.3,27,0.8,255,48.0,RU,F
6260.44,191.7,27,1.0,245,46.0,AR,M
190.87,27.6,5,0.8,285,18.0,TN,F
1741.04,135.5,18,1.2,182,41.0,RU,M
128.93,37.4,6,0.8,151,19.0,TN,F
230.15,39.8,7,0.8,173,22.0,NI,M
1516.69,95.1,12,1.2,227,44.0,FR,F
1105.85,106.4,19,0.8,145,28.0,AR,M
138.71,26.8,5,0.8,177,21.0,NI,F
4044.34,146.4,25,0.8,224,53.0,US,F
2173.5,127.4,23,0.8,195,30.0,UK,M
754.48,57.4,10,0.8,271,26.0,UK,F
2729.74,160.0,20,1.2,222,36.0,DE,M
1245.6,80.7,16,0.8,246,35.0,US,M
5054.41,135.1,25,0.8,257,36.0,DE,F
3411.36,159.4,20,1.2,220,54.0,US,M
170.81,27.0,4,1.0,269,22.0,LY,M
3580.29,154.3,21,1.0,229,43.0,DE,M
1565.54,89.8,14,0.8,215,38.0,AR,F
2922.01,119.8,21,0.8,196,27.0,DE,M
1309.91,91.4,16,0.8,183,54.0,DE,F
1908.73,116.4,17,1.0,246,29.0,DE,F
596.07,70.7,9,1.2,239,48.0,AR,M
1248.27,108.6,20,0.8,148,32.0,AR,F
2780.06,140.2,24,0.8,171,44.0,DE,F
1160.55,124.8,17,1.0,145,33.0,DE,M
1971.86,98.6,13,1.2,265,32.0,US,M
2450.34,154.8,20,1.2,167,33.0,US,F
3588.52,169.1,22,1.2,247,42.0,RU,F
944.48,88.2,15,0.8,185,32.0,AR,F
1660.0,125.4,21,0.8,163,52.0,FR,M
1199.86,90.8,15,0.8,230,53.0,RU,F
903.35,84.1,13,0.8,168,48.0,FR,F
1578.54,97.9,18,0.8,184,27.0,DE,F
2208.99,140.0,23,0.8,179,53.0,UK,M
602.75,59.8,9,1.0,193,53.0,RU,F
449.82,53.1,7,1.2,250,29.0,JP,M
1335.76,93.0,13,1.0,225,30.0,US,M
1377.05,111.5,18,0.8,181,38.0,DE,F
3249.29,190.9,27,1.0,163,43.0,UK,M
441.26,71.5,9,1.2,175,23.0,HK,F
1469.16,100.1,14,1.0,269,27.0,AR,F
2733.7,133.7,19,1.0,277,34.0,UK,M
23.43,11.8,2,0.8,209,18.0,PK,M
168.41,36.0,5,1.0,239,21.0,TN,F
1673.53,92.7,15,0.8,206,34.0,DE,F
953.08,90.5,16,0.8,171,46.0,DE,M
1858.31,148.6,19,1.2,174,29.0,FR,F
2225.17,88.0,16,0.8,267,33.0,DE,F
509.09,70.3,11,0.8,173,45.0,US,F
964.18,77.6,12,0.8,216,50.0,FR,F
28.18,14.1,2,1.0,205,18.0,LY,F
1469.85,81.7,13,0.8,285,34.0,UK,F
2488.1,122.7,21,0.8,202,38.0,RU,F
1125.59,74.7,14,0.8,278,30.0,UK,F
571.01,87.0,12,1.0,145,31.0,AR,F
1241.5,84.6,14,0.8,266,51.0,DE,M
30.41,15.4,3,0.8,169,20.0,LY,M
4133.82,142.4,24,0.8,247,45.0,FR,F
3073.66,114.4,21,0.8,263,31.0,FR,M
2060.09,155.4,22,1.0,156,35.0,RU,M
305.74,52.1,9,0.8,139,23.0,TW,M
3899.67,141.3,25,0.8,284,36.0,UK,M
909.93,68.7,12,0.8,281,43.0,RU,F
62.15,23.8,4,0.8,137,20.0,PK,F
174.21,41.3,7,0.8,160,17.0,PK,F
5.65,6.4,1,0.8,226,19.0,NG,M
2271.64,110.3,16,1.0,222,43.0,RU,F
145.05,30.0,5,0.8,200,19.0,TN,M
41.87,19.5,3,1.0,185,18.0,TH,F
2651.78,106.2,19,0.8,270,32.0,UK,M
282.0,47.5,8,0.8,189,22.0,TH,F
105.93,30.7,6,0.8,150,21.0,NI,F
189.89,32.3,5,0.8,242,19.0,TN,F
1029.86,110.2,18,0.8,135,27.0,RU,F
185.98,26.9,5,0.8,284,19.0,NI,F
1014.48,67.8,10,1.0,255,29.0,FR,M
82.08,22.9,4,0.8,188,17.0,NE,F
664.48,96.6,14,1.0,126,49.0,AR,M
28.63,16.4,3,0.8,123,22.0,TN,M
3175.47,141.8,20,1.0,191,43.0,US,F
2493.32,143.5,20,1.0,152,31.0,DE,F
4.04,6.1,1,0.8,133,22.0,TH,F
316.21,44.3,7,0.8,262,25.0,HK,F
776.27,82.1,15,0.8,164,36.0,US,F
50.38,23.0,4,0.8,143,17.0,PK,M
2623.46,143.8,21,1.0,152,46.0,FR,F
395.78,44.8,8,0.8,280,23.0,TW,M
310.96,35.7,7,0.8,256,27.0,TW,M
2096.89,138.5,23,0.8,171,49.0,FR,M
1691.84,142.8,18,1.2,169,44.0,US,F
1375.1,82.8,12,1.0,284,30.0,UK,F
3089.5,127.1,19,1.0,260,42.0,FR,M
778.29,60.6,12,0.8,222,26.0,DE,F
813.86,82.4,16,0.8,129,45.0,US,M
4034.04,171.9,23,1.0,263,52.0,AR,F
8085.73,189.6,25,1.2,287,28.0,AR,M
20.5,10.8,2,0.8,163,22.0,PK,F
1423.21,112.9,20,0.8,164,39.0,DE,M
3887.51,194.3,26,1.0,202,33.0,AR,M
3242.5,150.5,23,1.0,238,37.0,DE,F
1642.92,94.3,15,0.8,202,48.0,FR,F
1110.63,94.0,13,1.0,236,40.0,FR,M
78.66,25.6,4,0.8,199,21.0,TN,F
897.87,80.7,15,0.8,193,48.0,AR,F
3133.88,199.2,27,1.0,123,39.0,US,M
28.5,17.4,3,0.8,146,20.0,TH,F
1588.28,125.6,22,0.8,148,45.0,DE,F
3760.65,110.4,21,0.8,274,52.0,UK,F
3257.82,117.7,20,0.8,285,30.0,RU,F
2370.77,122.2,18,1.0,183,30.0,RU,F
1569.16,97.3,18,0.8,188,35.0,UK,F
311.85,42.5,7,0.8,269,29.0,VN,M
1082.59,114.5,15,1.2,163,40.0,AR,F
298.35,41.1,6,1.0,249,21.0,NE,F
942.47,68.9,12,0.8,231,53.0,DE,M
4.63,7.4,1,1.0,131,22.0,NE,F
1606.2,92.5,18,0.8,245,33.0,FR,M
1045.89,89.8,13,1.0,183,49.0,DE,F
14.67,12.0,2,0.8,155,17.0,NE,F
1895.96,127.8,20,0.8,193,27.0,DE,F
5213.08,187.0,24,1.2,198,53.0,US,F
3001.08,145.3,25,0.8,174,54.0,RU,M
2.96,6.5,1,1.0,122,19.0,PK,M
1329.13,80.2,15,0.8,227,37.0,AR,M
17.55,13.8,2,1.0,166,22.0,PK,M
1490.67,118.5,23,0.8,145,53.0,DE,M
90.81,22.7,4,0.8,206,20.0,NE,M
2248.58,123.7,22,0.8,169,38.0,FR,F
1777.47,99.5,18,0.8,255,35.0,RU,M
97.49,19.5,3,1.0,286,19.0,LY,M
4432.72,152.7,24,0.8,251,45.0,AR,M
127.95,29.0,5,0.8,227,17.0,LY,F
2016.16,122.8,23,0.8,183,53.0,DE,F
67.19,23.6,4,0.8,187,18.0,LY,M
57.5,16.9,3,0.8,287,21.0,NI,F
616.63,55.7,8,1.0,286,51.0,DE,F
948.94,97.1,17,0.8,147,36.0,RU,M
1734.32,112.7,20,0.8,199,38.0,UK,M
1510.67,127.5,18,1.0,172,26.0,RU,F
266.58,42.4,6,1.0,270,21.0,PK,F
1679.12,110.2,16,1.0,163,42.0,RU,F
930.34,76.0,12,0.8,260,46.0,DE,F
924.37,70.5,14,0.8,240,40.0,DE,M
2557.71,108.1,19,0.8,215,31.0,FR,F
1723.73,115.8,15,1.2,253,54.0,FR,F
3997.04,136.1,25,0.8,239,52.0,DE,F
29.99,14.0,2,1.0,273,21.0,PK,M
1333.05,85.2,13,1.0,208,39.0,FR,F
292.64,42.0,6,1.0,198,17.0,PK,M
1890.22,105.5,21,0.8,221,42.0,FR,M
1219.58,96.3,16,0.8,165,49.0,DE,F
1433.24,112.0,15,1.0,222,52.0,DE,M
1071.96,109.7,17,0.8,148,43.0,RU,M
108.61,28.2,4,1.0,245,18.0,PK,M
483.18,57.7,9,0.8,191,26.0,VN,F
1436.91,129.1,24,0.8,125,30.0,AR,M
649.24,85.7,13,1.0,122,34.0,AR,M
3383.72,130.8,24,0.8,185,49.0,UK,M
144.75,41.4,6,1.0,124,18.0,PK,M
3567.84,145.4,27,0.8,235,33.0,AR,M
15.75,11.1,2,0.8,184,22.0,PK,F
3044.13,149.1,26,0.8,137,47.0,AR,M
182.47,42.6,6,1.0,188,22.0,PK,F
25.48,12.7,2,0.8,206,19.0,LY,M
1207.28,75.2,15,0.8,221,46.0,DE,M
2004.75,125.9,17,1.0,240,34.0,FR,M
2389.28,107.9,16,1.0,285,45.0,DE,F
998.53,105.6,15,1.0,161,43.0,US,M
3688.88,167.5,25,1.0,227,27.0,DE,M
906.37,78.3,14,0.8,141,29.0,US,M
535.34,56.5,11,0.8,177,31.0,US,M
2596.58,168.2,25,1.0,127,52.0,DE,F
1346.08,105.2,15,1.0,217,46.0,AR,M
347.86,41.9,6,1.0,282,26.0,VN,M
2082.77,107.5,14,1.2,284,47.0,UK,M
3821.68,168.2,25,1.0,233,29.0,US,F
778.75,99.4,13,1.2,159,44.0,AR,M
3474.63,178.3,27,1.0,151,42.0,RU,M
4.61,7.6,1,1.2,131,22.0,TN,F
484.48,74.6,14,0.8,122,28.0,TW,F
2010.94,98.2,19,0.8,185,33.0,AR,F
4891.32,164.1,27,0.8,283,47.0,RU,M
1245.62,101.0,14,1.0,229,51.0,DE,F
1425.36,81.8,14,0.8,257,35.0,US,F
3916.14,145.5,26,0.8,214,37.0,FR,F
3104.21,174.4,24,1.0,193,42.0,UK,F
235.64,51.6,7,1.0,137,21.0,NE,M
853.73,91.0,13,1.0,150,49.0,UK,M
4293.53,181.7,26,1.0,237,30.0,FR,M
3036.93,154.1,22,1.0,184,26.0,AR,F
1974.63,144.4,25,0.8,142,26.0,AR,F
691.27,92.5,13,1.0,153,36.0,FR,M
3.95,6.3,1,0.8,155,21.0,NE,M
418.58,61.5,9,1.0,155,23.0,TW,M
293.63,44.4,8,0.8,172,22.0,TH,F
896.51,96.4,17,0.8,145,48.0,FR,F
458.87,53.8,10,0.8,220,24.0,AR,M
2362.28,120.1,21,0.8,244,52.0,RU,F
458.0,53.2,8,1.0,273,25.0,TW,M
1084.81,101.1,13,1.2,216,54.0,RU,F
4456.04,184.6,25,1.0,196,39.0,UK,F
6.48,5.2,1,0.8,265,19.0,PK,M
2897.88,147.7,23,0.8,220,45.0,FR,M
330.5,46.3,7,1.0,261,26.0,AR,F
73.77,28.0,4,1.0,168,17.0,NI,F
129.3,30.8,4,1.2,271,21.0,NI,M
1562.28,115.2,19,0.8,188,33.0,US,M
3658.3,170.5,26,1.0,215,47.0,DE,F
5.03,7.9,1,1.2,165,20.0,PK,F
2761.63,150.7,19,1.2,249,38.0,AR,M
1332.86,116.4,19,0.8,154,52.0,US,F
1542.14,116.5,21,0.8,165,47.0,US,F
490.13,64.8,10,0.8,158,27.0,CN,F
1226.48,92.9,16,0.8,215,27.0,UK,F
2245.07,127.1,16,1.2,282,29.0,AR,M
1355.95,125.4,22,0.8,128,52.0,AR,F
4119.28,175.6,27,1.0,149,42.0,FR,F
235.97,35.0,5,1.0,279,17.0,NG,F
2160.29,143.4,25,0.8,159,49.0,FR,F
5.9,7.1,1,1.0,141,19.0,TN,F
193.93,47.1,6,1.2,175,22.0,TH,M
962.78,97.6,19,0.8,136,35.0,US,M
938.72,81.0,12,1.0,196,32.0,FR,M
5508.77,171.2,25,1.0,221,54.0,RU,M
7.59,5.6,1,0.8,270,17.0,TN,M
879.6,74.3,11,1.0,275,42.0,DE,M
27.65,14.3,2,1.0,249,18.0,TN,M
112.66,32.9,5,1.0,178,19.0,PK,M
295.53,46.8,9,0.8,121,19.0,LY,F
2781.01,124.5,24,0.8,189,41.0,RU,F
1717.64,116.3,17,1.0,152,38.0,DE,M
1986.53,109.3,20,0.8,233,43.0,FR,M
121.4,26.6,4,1.0,233,19.0,TN,M
108.05,32.8,5,1.0,170,18.0,TH,F
1934.52,109.8,20,0.8,226,31.0,DE,M
2860.12,174.2,23,1.2,185,29.0,RU,M
5881.21,207.8,27,1.2,272,35.0,AR,M
84.73,24.1,4,0.8,225,20.0,NI,M
842.89,75.6,15,0.8,126,33.0,AR,M
3725.9,121.1,20,0.8,265,32.0,UK,M
5.83,6.5,1,1.0,150,22.0,TN,M
179.69,45.5,6,1.2,173,21.0,PK,F
3472.59,128.7,20,0.8,279,34.0,UK,F
501.98,70.6,13,0.8,143,53.0,FR,F
333.94,48.9,8,0.8,219,24.0,HK,M
51.74,15.6,3,0.8,228,22.0,PK,M
403.63,52.3,8,1.0,249,23.0,VN,M
288.35,45.3,7,0.8,235,18.0,NI,F
6480.64,175.1,27,0.8,233,50.0,DE,F
532.53,55.0,9,0.8,277,51.0,AR,M
972.33,81.9,15,0.8,166,32.0,RU,M
1660.28,118.2,17,1.0,168,26.0,AR,M
14.7,12.6,2,0.8,122,21.0,NE,F
2577.08,135.3,20,1.0,165,44.0,FR,F
2695.93,110.9,22,0.8,225,37.0,US,F
3.07,5.6,1,0.8,146,20.0,LY,M
3071.97,159.3,26,0.8,192,52.0,UK,M
226.02,45.2,7,0.8,182,20.0,TH,F
3881.72,154.3,24,0.8,269,47.0,FR,M
453.58,63.3,8,1.2,185,28.0,CN,F
593.35,56.6,10,0.8,269,50.0,FR,M
2.75,5.6,1,0.8,130,22.0,TH,F
6.5,5.2,1,0.8,255,22.0,NE,M
120.3,36.7,6,0.8,145,22.0,NI,F
21.26,10.7,2,0.8,169,22.0,LY,M
2789.24,144.3,26,0.8,126,43.0,US,M
182.47,34.5,6,0.8,227,21.0,NE,M
408.76,55.7,7,1.2,269,24.0,RU,F
1657.88,113.4,19,0.8,198,35.0,AR,F
638.06,71.3,9,1.2,170,48.0,AR,M
1380.09,75.0,14,0.8,272,43.0,DE,M
1020.69,116.8,15,1.2,125,54.0,US,F
8.44,6.5,1,1.0,264,22.0,TN,M
4074.79,140.2,21,1.0,284,29.0,FR,M
27.36,13.3,2,1.0,213,17.0,NE,F
14.29,11.0,2,0.8,172,21.0,NE,F
5980.78,167.8,26,0.8,237,39.0,US,F
1026.76,105.1,17,0.8,149,46.0,UK,M
2025.81,144.5,27,0.8,139,33.0,US,F
3147.75,139.3,21,1.0,274,47.0,DE,F
600.48,92.5,14,1.0,121,35.0,AR,F
387.58,54.3,10,0.8,182,24.0,AR,M
2306.34,147.1,19,1.2,210,46.0,FR,F
1688.62,97.8,19,0.8,234,46.0,RU,F
2870.09,111.5,20,0.8,219,28.0,UK,F
3062.77,121.2,21,0.8,206,38.0,UK,F
617.67,73.2,14,0.8,157,28.0,US,M
252.82,46.4,6,1.2,236,21.0,LY,F
244.28,39.3,6,1.0,178,19.0,NG,F
2134.56,132.1,21,0.8,196,34.0,FR,F
2606.91,122.6,16,1.2,225,37.0,AR,M
581.23,51.0,10,0.8,233,49.0,RU,F
46.48,16.5,3,0.8,242,19.0,TN,M
1695.98,127.2,19,1.0,124,38.0,US,F
1324.8,99.0,18,0.8,128,53.0,UK,M
25.53,12.9,2,0.8,169,17.0,TH,F
5180.18,211.1,27,1.2,235,31.0,FR,F
2186.91,99.7,16,0.8,234,39.0,UK,F
228.5,41.6,8,0.8,140,20.0,PK,F
2240.51,136.7,26,0.8,161,49.0,RU,M
2159.67,124.5,17,1.0,264,43.0,RU,M
3207.65,168.8,23,1.0,174,54.0,RU,F
6185.57,165.8,23,1.0,277,42.0,RU,M
2253.48,112.7,22,0.8,233,34.0,RU,F
774.63,63.8,9,1.0,273,35.0,AR,M
1083.72,79.5,15,0.8,234,37.0,AR,M
1927.26,163.4,24,1.0,128,49.0,UK,M
126.41,38.5,6,0.8,141,21.0,NE,M
328.07,45.7,9,0.8,206,28.0,JP,F
1751.5,108.5,15,1.0,278,32.0,DE,M
3985.18,129.3,19,1.0,273,44.0,DE,F
2496.46,142.3,25,0.8,123,35.0,US,M
1166.59,82.9,11,1.2,264,48.0,UK,F
3120.81,128.5,22,0.8,280,29.0,AR,F
969.76,84.1,11,1.2,269,44.0,AR,M
363.9,50.2,7,1.0,214,27.0,TW,M
1662.2,134.6,18,1.0,180,37.0,DE,M
4666.49,185.7,27,1.0,194,45.0,FR,M
3586.72,151.8,26,0.8,233,45.0,DE,F
3540.31,173.3,27,0.8,157,33.0,DE,F
6822.71,187.3,27,1.0,275,49.0,FR,F
332.17,57.8,10,0.8,151,24.0,AR,M
1819.9,99.3,19,0.8,247,30.0,AR,F
44.28,22.5,3,1.2,171,20.0,NE,F
176.07,38.7,5,1.2,236,21.0,TN,M
2831.37,126.0,21,0.8,220,26.0,AR,F
128.96,31.3,5,0.8,212,17.0,TN,M
1886.23,110.9,17,1.0,207,39.0,RU,F
3498.13,151.7,22,1.0,270,37.0,RU,M
159.41,33.6,6,0.8,163,22.0,NG,F
256.94,39.2,7,0.8,239,21.0,TN,M
1335.12,105.9,17,0.8,195,44.0,RU,M
204.65,44.3,6,1.0,202,17.0,PK,M
7.74,7.5,1,1.2,211,22.0,TH,F
54.95,20.4,3,1.0,187,22.0,NG,M
293.94,44.5,8,0.8,212,22.0,NG,F
364.19,64.2,9,1.0,167,28.0,AR,F
909.48,83.3,11,1.2,256,37.0,FR,M
708.63,88.3,13,1.0,132,47.0,RU,M
7139.3,201.2,27,1.0,266,32.0,RU,F
2651.84,166.9,21,1.2,160,50.0,FR,F
981.35,79.1,15,0.8,142,38.0,RU,F
4125.15,187.3,25,1.0,229,33.0,RU,F
261.91,54.3,8,1.0,154,21.0,NG,F
110.28,29.2,5,0.8,154,19.0,PK,F
4088.22,148.4,27,0.8,260,34.0,RU,F
135.75,25.8,4,0.8,266,21.0,NI,M
290.42,39.6,7,0.8,266,18.0,NE,F
1649.01,126.5,19,1.0,181,47.0,RU,M
5.38,5.1,1,0.8,222,21.0,PK,M
2013.07,122.1,24,0.8,141,29.0,DE,F
6235.45,192.6,26,1.0,212,39.0,RU,F
31.08,15.5,2,1.2,204,19.0,NI,F
324.3,52.5,9,0.8,176,28.0,TW,F
198.6,37.9,5,1.2,269,18.0,NE,F
251.83,46.2,6,1.2,237,20.0,TH,F
365.37,42.7,8,0.8,220,28.0,CN,F
2843.16,184.2,25,1.0,127,41.0,AR,F
1419.19,119.8,18,1.0,173,35.0,FR,F
3587.43,129.8,19,1.0,249,49.0,DE,F
5183.75,206.7,26,1.2,251,39.0,US,M
1922.38,122.4,20,0.8,138,44.0,RU,M
49.9,20.2,4,0.8,132,22.0,PK,M
1353.96,111.3,14,1.2,151,41.0,AR,F
475.37,44.7,8,0.8,224,22.0,HK,M
59.6,19.5,3,1.0,262,20.0,TH,F
5.77,7.9,1,1.2,152,21.0,TN,M
840.31,65.3,10,1.0,221,38.0,UK,M
4579.67,154.7,23,1.0,217,42.0,AR,M
215.05,34.2,6,0.8,269,22.0,LY,F
1364.19,111.5,21,0.8,124,32.0,US,F
572.7,66.8,9,1.0,164,29.0,RU,F
51.18,19.4,3,0.8,226,22.0,TH,M
87.62,27.5,4,1.0,205,19.0,PK,M
3224.18,162.8,23,1.0,179,42.0,DE,M
2366.13,111.9,18,0.8,239,48.0,RU,F
2371.51,109.5,19,0.8,232,52.0,AR,M
892.2,81.8,12,1.0,233,28.0,UK,F
3915.82,157.6,24,1.0,211,45.0,US,F
4457.76,172.5,22,1.2,240,33.0,FR,M
1223.08,102.1,19,0.8,166,52.0,RU,M
671.44,78.7,10,1.2,218,36.0,RU,F
1626.7,124.8,19,1.0,181,27.0,UK,M
542.29,60.8,12,0.8,126,26.0,US,M
1420.9,105.1,14,1.2,201,29.0,FR,F
5.86,6.7,1,1.0,226,22.0,LY,M
695.01,55.8,9,0.8,281,44.0,AR,M
2514.27,154.1,22,1.0,191,53.0,UK,F
138.23,26.7,5,0.8,216,19.0,NE,M
4405.68,169.0,27,0.8,197,46.0,FR,F
55.17,29.8,4,1.0,124,19.0,PK,F
7.45,5.5,1,0.8,279,21.0,NG,M
27.86,16.1,3,0.8,153,17.0,NG,F
3552.06,173.5,24,1.0,217,41.0,UK,M
694.19,64.5,10,0.8,274,40.0,FR,M
733.33,103.1,13,1.2,142,29.0,DE,M
2229.87,110.2,15,1.0,275,52.0,UK,F
2280.9,109.1,18,0.8,197,31.0,FR,M
1560.9,90.0,17,0.8,262,35.0,UK,M
1406.65,100.4,13,1.2,187,35.0,DE,M
607.87,48.8,9,0.8,285,37.0,DE,M
1592.66,108.8,17,0.8,179,44.0,RU,M
2923.19,141.0,26,0.8,208,47.0,FR,M
3041.74,134.6,21,0.8,279,52.0,AR,M
316.18,42.2,7,0.8,217,26.0,VN,F
1237.46,90.8,13,1.0,267,51.0,FR,M
953.52,92.0,13,1.0,208,48.0,FR,M
1821.1,118.0,16,1.0,248,46.0,DE,F
57.85,23.5,4,0.8,127,22.0,NG,M
4.24,6.1,1,0.8,179,17.0,TH,M
180.38,33.7,5,1.0,217,20.0,NG,F
971.35,105.6,16,1.0,147,53.0,UK,M
5039.29,147.7,20,1.0,287,52.0,UK,F
3250.66,147.6,25,0.8,225,40.0,DE,M
6157.45,190.3,26,1.0,257,54.0,FR,M
152.75,34.3,6,0.8,192,18.0,LY,M
192.65,45.0,6,1.2,184,22.0,LY,M
568.84,63.5,10,0.8,188,33.0,AR,M
2423.91,168.0,21,1.2,142,42.0,US,F
658.77,62.3,9,1.0,241,28.0,US,M
338.67,46.6,8,0.8,236,26.0,VN,M
2131.6,90.1,18,0.8,267,53.0,RU,M
658.07,77.6,13,0.8,134,37.0,UK,M
905.27,61.0,11,0.8,274,39.0,FR,F
2.87,5.0,1,0.8,154,21.0,PK,F
2432.24,140.1,18,1.2,251,43.0,FR,F
4.0,6.7,1,1.0,153,20.0,NG,F
1634.66,144.6,23,0.8,131,28.0,DE,F
3827.53,173.8,25,1.0,228,28.0,AR,F
3412.93,179.6,23,1.2,173,33.0,UK,F
836.43,83.6,13,0.8,201,29.0,US,M
195.11,40.6,7,0.8,144,20.0,TH,M
3797.14,177.7,27,1.0,161,50.0,UK,M
351.1,43.0,8,0.8,260,28.0,HK,M
397.59,43.2,7,0.8,266,29.0,AR,M
2727.43,106.6,20,0.8,263,54.0,AR,F
3.96,5.7,1,0.8,168,21.0,NG,F
3779.41,182.9,24,1.2,175,51.0,UK,F
812.69,84.1,13,0.8,128,48.0,UK,M
914.41,67.1,13,0.8,268,53.0,DE,F
2119.25,152.8,22,1.0,165,53.0,FR,M
2259.19,146.8,20,1.0,196,40.0,AR,F
1599.61,92.9,16,0.8,275,31.0,US,F
3445.14,149.4,22,1.0,269,29.0,US,M
1369.93,95.9,15,0.8,166,39.0,FR,F
91.99,29.1,4,1.0,167,20.0,TH,F
1181.9,89.1,13,1.0,262,41.0,FR,M
1883.61,122.4,20,0.8,198,33.0,US,F
44.44,21.3,4,0.8,134,21.0,TH,F
3284.43,113.6,22,0.8,271,36.0,UK,M
161.68,28.9,5,0.8,192,20.0,LY,M
929.43,99.7,16,0.8,125,27.0,US,M
109.86,35.2,6,0.8,137,17.0,TN,M
3888.05,167.7,21,1.2,283,40.0,DE,F
2756.91,146.9,22,1.0,223,29.0,AR,M
762.54,62.8,11,0.8,283,34.0,RU,F
606.85,74.4,14,0.8,124,50.0,RU,M
267.73,36.8,5,1.0,250,17.0,TH,M
29.76,19.2,3,0.8,136,20.0,PK,F
2863.18,100.7,19,0.8,252,37.0,FR,M
4684.88,140.0,26,0.8,222,53.0,FR,M
8.51,7.4,1,1.0,235,17.0,NG,M
1281.3,99.3,13,1.2,255,53.0,DE,M
4392.87,168.9,26,0.8,204,37.0,UK,M
2256.27,146.6,20,1.0,199,48.0,AR,M
3282.26,184.4,24,1.2,195,37.0,UK,F
3681.43,121.8,23,0.8,267,52.0,AR,F
892.31,78.3,11,1.0,177,53.0,RU,M
507.89,63.7,10,0.8,208,31.0,DE,M
674.54,60.1,11,0.8,263,36.0,UK,M
106.24,38.9,5,1.2,143,21.0,NE,M
1992.77,113.1,20,0.8,224,43.0,US,F
230.01,41.9,8,0.8,177,19.0,NG,F
175.08,32.7,5,1.0,223,22.0,NI,M
226.1,40.3,8,0.8,122,21.0,NI,M
2334.17,100.3,16,0.8,250,32.0,AR,M
142.78,28.5,5,0.8,204,22.0,PK,M
59.16,21.2,3,1.0,194,20.0,PK,M
1459.09,105.0,14,1.2,258,37.0,US,M
1256.9,103.9,13,1.2,190,31.0,RU,F
1244.54,84.8,14,0.8,270,48.0,UK,F
959.32,108.7,14,1.2,166,30.0,US,M
453.51,66.8,11,0.8,131,26.0,CN,F
2160.37,117.8,23,0.8,206,40.0,UK,F
1330.47,83.8,16,0.8,258,29.0,DE,F
3279.86,136.6,24,0.8,208,37.0,UK,F
937.61,90.1,14,0.8,130,27.0,DE,F
1419.46,93.2,17,0.8,188,36.0,DE,M
1115.55,83.0,15,0.8,187,40.0,FR,F
1584.87,135.9,17,1.2,178,35.0,US,M
749.29,70.0,10,1.0,222,53.0,FR,M
202.25,38.3,6,0.8,228,20.0,LY,F
2310.01,139.0,21,1.0,164,34.0,US,F
179.55,35.9,7,0.8,184,17.0,PK,F
701.16,81.1,14,0.8,129,26.0,FR,F
43.5,22.3,3,1.0,137,19.0,TN,F
154.56,32.0,5,0.8,196,20.0,NE,M
460.11,59.6,8,1.0,249,25.0,AR,M
2968.91,134.8,25,0.8,226,32.0,AR,F
3263.99,158.2,25,0.8,211,29.0,US,M
2008.43,118.1,17,1.0,209,35.0,AR,F
864.14,93.6,12,1.2,201,48.0,AR,M
1309.5,90.5,15,0.8,247,39.0,AR,M
488.01,61.0,8,1.2,207,24.0,JP,M
3083.66,208.8,27,1.2,145,49.0,US,F
2899.35,143.0,21,1.0,200,49.0,DE,M
679.19,62.2,11,0.8,256,33.0,DE,M
316.46,47.7,6,1.2,230,26.0,CN,F
74.06,23.0,3,1.2,223,21.0,PK,M
34.98,15.4,2,1.2,233,18.0,TN,M
489.57,59.3,10,0.8,213,23.0,CN,M
337.92,51.1,8,0.8,168,23.0,AR,F
1135.17,101.4,13,1.2,176,37.0,FR,M
816.15,62.1,10,0.8,266,30.0,US,F
253.12,48.5,8,0.8,139,22.0,NI,M
4643.17,171.9,27,0.8,206,36.0,UK,F
2219.29,119.0,18,1.0,180,49.0,AR,M
487.99,54.5,7,1.2,264,23.0,VN,F
5.04,6.9,1,1.0,160,18.0,NE,F
72.29,21.8,3,1.0,229,22.0,TH,M
472.9,65.9,11,0.8,134,28.0,VN,M
1362.39,114.8,16,1.0,191,28.0,US,M
3.78,5.1,1,0.8,154,18.0,TN,F
215.37,46.1,9,0.8,138,18.0,NG,F
1708.0,96.6,19,0.8,189,27.0,AR,F
193.89,33.5,6,0.8,201,20.0,NI,M
826.15,84.0,13,0.8,158,40.0,DE,M
52.39,26.6,4,1.0,129,18.0,NE,F
36.45,18.7,3,0.8,135,17.0,LY,M
945.02,71.4,11,0.8,205,43.0,FR,M
34.91,14.4,2,1.0,247,18.0,LY,F
2721.79,110.5,22,0.8,190,43.0,AR,M
1595.37,105.3,19,0.8,209,36.0,AR,F
1766.1,112.4,19,0.8,142,49.0,UK,F
1682.16,112.1,15,1.0,206,33.0,US,F
1311.74,120.1,19,0.8,150,36.0,UK,M
1516.61,92.9,16,0.8,259,36.0,DE,M
1624.55,122.9,16,1.2,168,32.0,UK,F
1287.36,132.2,21,0.8,125,40.0,RU,F
3570.96,153.9,21,1.0,226,52.0,DE,M
3643.97,145.3,26,0.8,251,45.0,FR,M
129.95,34.4,5,1.0,160,18.0,NI,M
6.21,7.7,1,1.2,211,21.0,NI,M
2293.58,123.0,18,1.0,176,54.0,US,M
546.54,68.1,13,0.8,129,40.0,FR,F
4205.43,202.4,27,1.0,197,41.0,RU,F
187.81,30.7,6,0.8,259,17.0,LY,F
2064.11,156.8,20,1.2,168,39.0,US,M
1107.05,74.7,13,0.8,231,50.0,AR,M
2318.32,105.0,20,0.8,282,32.0,UK,F
152.0,44.2,7,0.8,126,22.0,NG,F
2705.04,114.9,22,0.8,219,48.0,FR,M
182.54,32.6,5,1.0,191,22.0,PK,M
2595.73,116.3,19,0.8,238,32.0,UK,M
29.43,12.6,2,0.8,244,22.0,LY,M
1372.6,76.3,13,0.8,280,35.0,US,M
2856.64,150.5,23,1.0,215,36.0,DE,M
12.26,12.0,2,0.8,138,19.0,LY,F
2436.51,136.4,26,0.8,141,30.0,AR,M
534.14,67.6,12,0.8,169,48.0,RU,F
2910.33,156.8,26,0.8,186,40.0,US,F
996.4,101.2,18,0.8,145,43.0,FR,F
297.03,57.4,9,0.8,151,17.0,LY,F
934.8,68.6,13,0.8,271,36.0,US,M
1376.63,103.1,18,0.8,194,46.0,RU,F
2525.79,153.5,25,0.8,168,46.0,AR,M
122.25,30.0,4,1.2,259,18.0,NE,F
1522.0,108.0,19,0.8,194,47.0,RU,M
2465.39,107.5,17,0.8,278,46.0,US,F
285.03,40.9,6,1.0,196,17.0,TH,F
1327.0,88.8,12,1.0,213,42.0,US,M
1210.44,108.8,15,1.0,191,28.0,UK,F
1178.78,75.9,15,0.8,213,31.0,AR,F
2523.38,124.1,19,1.0,219,36.0,US,M
90.29,30.0,5,0.8,157,22.0,PK,F
2272.82,123.9,19,1.0,197,46.0,UK,F
1423.51,121.9,17,1.0,146,31.0,AR,M
1207.75,93.5,15,0.8,180,44.0,FR,M
4717.26,148.2,23,0.8,280,43.0,UK,M
386.11,50.2,10,0.8,201,26.0,JP,M
54.41,17.3,3,0.8,271,18.0,NG,M
4.95,5.1,1,0.8,197,18.0,LY,M
180.11,48.5,8,0.8,124,20.0,NI,F
1816.54,154.0,24,0.8,130,41.0,FR,F
1050.02,98.0,17,0.8,167,37.0,FR,M
364.55,45.7,7,1.0,237,27.0,VN,M
5997.53,171.8,24,1.0,251,42.0,US,M
3673.53,190.5,26,1.0,189,30.0,RU,F
1294.37,102.4,17,0.8,129,31.0,US,F
1101.19,96.2,19,0.8,158,41.0,FR,F
3793.73,156.2,22,1.0,284,32.0,RU,M
155.06,25.2,4,0.8,259,18.0,NE,M
3016.69,146.4,22,1.0,241,47.0,FR,M
526.41,74.0,13,0.8,141,39.0,DE,M
3230.05,134.5,17,1.2,240,45.0,RU,M
1421.05,114.8,15,1.2,210,49.0,AR,M
1795.03,108.4,15,1.0,280,52.0,RU,M
101.28,24.5,4,0.8,216,18.0,TH,F
2848.72,137.1,27,0.8,201,40.0,US,M
4729.67,188.4,26,1.0,198,51.0,DE,F
3.91,6.2,1,0.8,134,17.0,TN,M
723.95,84.5,12,1.0,183,39.0,RU,M
19.48,14.2,2,1.0,145,20.0,TH,F
2613.36,114.3,19,0.8,206,38.0,RU,F
1414.82,110.9,16,1.0,208,39.0,RU,M
2357.61,156.0,22,1.0,144,42.0,DE,F
2399.09,114.1,16,1.0,272,44.0,UK,F
3333.74,163.2,27,0.8,157,48.0,RU,M
1598.92,99.9,16,0.8,205,54.0,UK,M
206.37,48.9,7,1.0,159,19.0,NE,M
315.0,39.5,6,1.0,230,23.0,HK,F
514.84,51.8,9,0.8,284,48.0,DE,M
2155.28,131.3,17,1.2,202,48.0,US,M
453.4,47.8,6,1.2,271,29.0,CN,M
910.88,81.6,14,0.8,206,27.0,AR,F
3571.88,160.3,27,0.8,210,46.0,AR,M
580.09,67.8,13,0.8,170,48.0,AR,M
1739.58,109.0,14,1.2,232,37.0,RU,F
1056.13,107.5,14,1.2,121,35.0,UK,F
1131.79,88.7,16,0.8,206,44.0,FR,M
877.07,85.6,17,0.8,159,46.0,US,M
71.51,22.8,3,1.2,267,22.0,NG,F
718.73,68.0,9,1.2,243,26.0,DE,M
1479.83,95.9,16,0.8,250,45.0,DE,F
230.19,58.6,8,1.0,129,21.0,NE,M
831.57,94.2,17,0.8,134,54.0,DE,M
8.04,7.6,1,1.2,211,20.0,TH,F
57.04,20.9,3,1.0,236,18.0,NG,F
18.5,10.6,2,0.8,148,21.0,NE,F
2709.66,124.1,22,0.8,257,39.0,US,F
3004.7,122.7,24,0.8,262,32.0,US,M
365.3,50.4,7,1.0,215,26.0,VN,F
1132.64,91.5,15,0.8,214,48.0,FR,F
2535.24,168.3,25,1.0,154,42.0,UK,M
1239.17,83.5,11,1.2,276,26.0,FR,F
3348.47,146.2,26,0.8,227,43.0,RU,M
4860.08,175.6,23,1.2,207,48.0,AR,M
1699.53,123.7,20,0.8,142,38.0,US,M
1399.25,129.4,22,0.8,132,34.0,RU,M
1484.57,139.2,23,0.8,123,49.0,RU,M
3956.72,192.3,26,1.0,166,40.0,AR,M
3223.48,151.9,22,1.0,248,52.0,AR,F
308.55,48.4,8,0.8,203,22.0,TW,F
1632.61,136.3,19,1.0,166,39.0,RU,F
249.78,33.4,6,0.8,211,20.0,NI,M
1110.89,105.5,16,1.0,172,26.0,AR,M
2555.09,124.0,22,0.8,242,39.0,FR,M
1051.59,73.2,13,0.8,229,53.0,AR,M
2602.36,142.9,20,1.0,159,32.0,US,M
204.19,31.6,6,0.8,276,22.0,TN,F
1395.96,106.7,17,0.8,199,29.0,DE,F
762.86,79.3,14,0.8,140,34.0,FR,M
2256.42,102.0,14,1.0,267,45.0,AR,F
2240.04,138.2,19,1.0,222,46.0,DE,F
2930.44,129.7,17,1.2,227,27.0,RU,F
30.08,15.2,2,1.2,254,20.0,NE,F
95.41,25.7,5,0.8,193,18.0,TH,M
1608.82,120.5,18,1.0,195,28.0,RU,F
443.11,67.5,12,0.8,140,23.0,RU,M
374.38,45.1,6,1.2,283,25.0,CN,M
563.04,52.6,10,0.8,217,43.0,DE,M
2038.32,117.0,15,1.2,201,32.0,DE,M
2146.51,136.9,19,1.0,216,47.0,DE,F
286.87,43.4,8,0.8,172,22.0,NE,M
478.81,49.5,8,0.8,248,29.0,RU,F
868.76,76.2,10,1.2,233,31.0,FR,M
391.82,47.2,6,1.2,280,29.0,JP,F
2588.55,137.2,18,1.2,266,28.0,UK,F
1880.39,118.8,20,0.8,161,30.0,UK,F
1534.13,99.3,17,0.8,233,44.0,AR,F
171.36,29.5,5,0.8,200,18.0,NE,M
2842.33,144.5,21,1.0,239,35.0,US,M
4977.03,196.8,27,1.0,238,41.0,FR,F
1178.09,68.2,13,0.8,227,42.0,US,F
2898.87,130.7,26,0.8,220,45.0,DE,M
709.67,56.6,11,0.8,237,28.0,UK,F
2480.31,128.0,17,1.2,234,35.0,AR,F
2501.61,131.8,23,0.8,215,47.0,US,F
834.78,86.6,16,0.8,155,45.0,DE,M
1750.85,119.6,17,1.0,175,44.0,FR,M
704.55,62.9,9,1.0,256,45.0,RU,F
128.63,28.7,5,0.8,182,21.0,TH,M
145.74,35.3,5,1.0,170,21.0,NI,M
1733.65,111.3,21,0.8,195,28.0,AR,M
5.67,6.5,1,1.0,179,20.0,TH,M
1240.7,89.0,12,1.0,199,50.0,RU,M
205.11,34.9,5,1.0,241,21.0,NE,M
1310.71,113.5,16,1.0,152,41.0,UK,M
4872.71,135.8,27,0.8,227,30.0,UK,F
354.77,42.8,8,0.8,179,26.0,RU,F
1476.26,93.9,15,0.8,268,42.0,DE,M
757.92,88.6,13,1.0,172,52.0,AR,M
175.41,30.7,6,0.8,166,21.0,NI,F
2339.76,101.8,19,0.8,249,40.0,DE,F
319.17,47.9,7,1.0,162,29.0,AR,M
290.13,45.2,6,1.2,218,20.0,NG,M
1159.45,101.5,16,0.8,188,27.0,UK,M
274.14,52.3,9,0.8,124,22.0,PK,F
984.29,98.4,13,1.2,200,45.0,US,M
140.29,28.3,5,0.8,253,21.0,TN,M
731.81,78.0,11,1.0,219,30.0,AR,M
4084.0,183.3,27,1.0,214,54.0,DE,M
3221.97,146.0,19,1.2,198,27.0,UK,F
6.3,6.0,1,0.8,182,20.0,PK,F
2571.04,148.9,19,1.2,236,54.0,RU,M
10.51,7.6,1,1.2,232,22.0,TH,F
639.78,67.8,9,1.2,268,46.0,FR,F
4564.58,176.9,26,1.0,256,28.0,AR,F
1381.7,119.7,15,1.2,198,42.0,US,M
1976.82,157.9,27,0.8,122,54.0,FR,F
172.69,50.2,7,1.0,132,17.0,NG,M
1178.41,100.9,17,0.8,141,54.0,AR,M
1434.07,106.1,14,1.2,201,40.0,US,F
23.13,12.1,2,0.8,164,22.0,NI,F
3931.99,179.5,23,1.2,161,28.0,FR,M
915.3,77.2,11,1.0,188,48.0,AR,F
136.03,39.6,7,0.8,126,20.0,NG,F
2164.55,124.9,21,0.8,213,49.0,DE,M
959.06,65.6,11,0.8,229,27.0,AR,M
58.9,20.3,3,1.0,247,18.0,NE,F
92.48,20.4,4,0.8,287,17.0,NE,M
1308.88,81.1,15,0.8,276,47.0,FR,M
2170.52,115.1,19,0.8,257,50.0,RU,F
628.04,61.2,9,1.0,235,48.0,UK,M
2111.58,121.7,21,0.8,172,39.0,AR,M
2858.94,181.4,25,1.0,166,46.0,DE,M
2965.83,110.1,18,0.8,257,35.0,AR,M
1352.48,103.4,17,0.8,198,32.0,RU,F
1780.2,120.0,20,0.8,192,27.0,AR,F
3199.28,153.5,21,1.0,254,41.0,FR,M
4314.25,158.3,26,0.8,271,42.0,DE,F
274.83,51.0,7,1.0,196,21.0,NG,M
137.72,30.9,6,0.8,193,20.0,LY,M
345.75,59.3,10,0.8,124,28.0,AR,M
23.59,11.2,2,0.8,270,18.0,TH,F
217.08,45.0,8,0.8,157,21.0,TN,M
291.22,43.1,7,0.8,200,18.0,NE,M
772.16,62.6,9,1.0,234,42.0,UK,M
2458.23,108.6,21,0.8,188,46.0,AR,F
37.27,12.1,2,0.8,260,18.0,NE,F
6302.57,153.4,26,0.8,269,44.0,US,M
445.06,48.8,8,0.8,235,24.0,TW,M
3111.1,142.5,22,0.8,256,44.0,US,F
155.77,29.7,5,0.8,269,22.0,TN,M
19.61,12.2,2,0.8,204,17.0,NE,M
150.49,25.6,5,0.8,238,17.0,NG,M
2071.92,173.5,23,1.2,139,26.0,FR,M
23.61,14.8,2,1.0,205,19.0,NI,F
3522.97,158.8,23,1.0,247,37.0,UK,F
2853.49,147.2,19,1.2,261,49.0,AR,M
68.19,23.0,4,0.8,190,20.0,TN,M
4711.6,166.3,21,1.2,278,29.0,US,F
53.79,22.4,3,1.0,207,21.0,TH,F
4769.24,150.9,20,1.2,272,37.0,US,M
1368.31,110.8,18,0.8,181,28.0,RU,M
2346.67,161.1,25,0.8,123,43.0,AR,F
5537.99,144.7,23,0.8,284,52.0,RU,F
3746.51,151.0,25,0.8,253,45.0,DE,M
1230.64,81.7,14,0.8,279,33.0,RU,M
1414.7,111.2,14,1.2,233,47.0,RU,F
2605.65,159.7,22,1.0,192,31.0,RU,M
1145.85,86.6,16,0.8,142,52.0,UK,F
2117.9,152.8,23,1.0,155,43.0,US,M
3700.81,144.1,24,0.8,221,52.0,US,F
1417.23,86.8,16,0.8,264,37.0,AR,M
771.97,60.1,12,0.8,223,43.0,US,F
277.06,32.7,6,0.8,239,18.0,TH,M
428.75,54.1,7,1.2,287,29.0,TW,F
1526.58,126.1,16,1.2,159,26.0,AR,F
64.78,23.7,3,1.2,231,20.0,TN,F
895.89,83.5,13,0.8,214,48.0,RU,M
62.3,23.7,4,0.8,169,19.0,TN,M
53.59,22.4,3,1.0,205,20.0,PK,F
1816.07,150.7,20,1.2,156,51.0,US,M
350.42,55.9,7,1.2,185,27.0,AR,M
60.18,29.0,4,1.0,137,19.0,PK,M
1960.15,124.8,22,0.8,188,30.0,US,M
4181.88,175.5,23,1.2,177,52.0,FR,M
461.15,57.6,8,1.0,205,26.0,RU,F
2270.01,126.7,16,1.2,191,43.0,US,F
332.98,43.1,6,1.0,218,24.0,JP,F
2860.92,115.4,23,0.8,186,34.0,US,F
4619.76,167.7,27,0.8,264,27.0,DE,F
13.2,10.1,2,0.8,168,22.0,LY,M
693.73,69.8,9,1.2,281,37.0,RU,M
998.62,82.0,13,0.8,239,48.0,FR,F
260.29,41.4,8,0.8,135,19.0,NG,F
5862.58,146.8,24,0.8,282,27.0,DE,F
1872.13,106.3,17,0.8,178,26.0,DE,M
59.4,19.8,3,1.0,207,21.0,PK,M
4.13,5.1,1,0.8,197,18.0,NI,M
305.65,44.4,8,0.8,178,23.0,AR,F
62.33,18.5,3,0.8,194,21.0,NI,M
1836.31,116.8,15,1.2,267,32.0,DE,F
395.68,51.2,7,1.0,286,29.0,VN,M
814.4,101.2,14,1.0,153,36.0,RU,M
1647.49,123.4,18,1.0,194,32.0,UK,M
1068.08,80.1,14,0.8,165,28.0,DE,F
469.29,54.5,8,1.0,278,22.0,CN,M
2483.39,131.7,19,1.0,255,36.0,UK,M
356.12,76.8,10,1.2,124,23.0,VN,M
6697.97,175.6,27,1.0,241,32.0,DE,F
1871.03,121.1,16,1.2,200,26.0,US,M
3266.02,135.3,25,0.8,201,39.0,DE,M
10.93,7.8,1,1.2,285,18.0,TH,F
2261.62,125.6,18,1.0,209,40.0,DE,F
85.26,29.7,5,0.8,148,22.0,NI,F
3542.35,173.4,27,0.8,160,33.0,US,M
415.49,43.3,7,0.8,232,24.0,JP,F
63.89,23.3,4,0.8,176,20.0,PK,M
5337.37,198.4,25,1.2,274,30.0,RU,M
4499.9,119.9,22,0.8,287,31.0,US,F
3547.22,135.3,23,0.8,233,26.0,US,M
3536.85,139.3,23,0.8,283,34.0,FR,F
2628.97,128.4,22,0.8,189,45.0,UK,M
2442.56,141.0,24,0.8,151,40.0,AR,M
2107.26,81.2,16,0.8,275,32.0,UK,F
1848.38,81.4,14,0.8,279,28.0,AR,M
1287.05,87.7,14,0.8,272,32.0,AR,F
100.49,28.5,4,1.0,226,18.0,TH,F
23.66,12.7,2,0.8,189,22.0,NG,M
3495.27,137.6,21,1.0,250,48.0,DE,M
24.56,14.8,2,1.0,146,20.0,LY,F
3821.82,172.1,23,1.0,201,45.0,FR,F
632.38,63.7,12,0.8,144,29.0,DE,M
4280.5,153.0,26,0.8,275,38.0,UK,M
6.41,5.9,1,0.8,273,17.0,NE,F
57.86,23.4,4,0.8,129,22.0,NE,F
171.68,42.1,7,0.8,122,21.0,LY,M
6.46,7.9,1,1.2,206,21.0,LY,F
4.79,5.0,1,0.8,167,19.0,TH,F
2491.7,189.8,24,1.2,141,52.0,FR,F
1528.99,108.5,19,0.8,194,29.0,RU,F
690.65,69.1,11,0.8,232,38.0,UK,F
3016.57,139.3,19,1.0,235,38.0,UK,F
605.46,73.9,13,0.8,164,49.0,RU,F
2786.87,139.3,20,1.0,205,31.0,RU,F
2190.92,151.1,23,1.0,161,49.0,UK,F
117.93,29.8,5,0.8,165,22.0,NI,M
65.32,23.9,3,1.2,154,20.0,NI,M
157.23,30.7,4,1.2,263,20.0,NI,M
204.6,35.4,7,0.8,174,21.0,TH,M
608.38,68.1,9,1.2,253,41.0,FR,F
813.54,89.6,12,1.0,158,34.0,AR,M
5.42,5.1,1,0.8,261,20.0,NI,M
3280.64,174.8,22,1.2,222,44.0,FR,F
177.47,33.0,5,1.0,274,22.0,NI,F
481.06,64.7,9,1.0,173,26.0,VN,M
34.68,15.2,2,1.2,234,20.0,NI,M
2123.57,129.8,18,1.0,231,41.0,AR,M
276.0,62.4,9,1.0,127,20.0,LY,M
3650.96,159.4,26,0.8,224,51.0,US,F
4.36,5.4,1,0.8,197,21.0,NI,F
603.05,80.7,13,0.8,152,42.0,US,F
1238.59,100.6,16,0.8,197,32.0,UK,F
2105.45,145.4,22,1.0,170,38.0,FR,M
728.51,73.4,10,1.0,255,29.0,US,F
1257.42,86.7,17,0.8,223,37.0,RU,M
434.98,45.2,8,0.8,204,22.0,TW,M
726.26,59.8,9,1.0,275,44.0,RU,M
2678.87,156.2,25,0.8,175,45.0,US,F
1528.96,123.8,20,0.8,131,37.0,UK,F
735.98,76.5,14,0.8,144,38.0,RU,F
1649.08,108.8,21,0.8,149,47.0,FR,F
6001.68,199.5,25,1.2,207,28.0,UK,F
50.46,22.2,3,1.0,158,22.0,TH,M
825.15,81.8,16,0.8,161,46.0,FR,M
1815.27,122.9,17,1.0,147,35.0,AR,M
387.7,60.8,8,1.2,207,23.0,VN,M
996.08,89.2,12,1.0,192,35.0,UK,F
722.91,64.3,12,0.8,243,38.0,RU,F
3066.81,179.0,24,1.0,184,39.0,RU,M
3912.45,154.7,27,0.8,243,40.0,AR,F
1081.39,79.0,11,1.0,257,52.0,AR,M
302.53,54.2,7,1.2,205,24.0,AR,F
1894.23,136.6,22,0.8,163,36.0,DE,F
72.6,26.4,4,1.0,177,18.0,LY,F
438.77,60.7,12,0.8,156,25.0,RU,M
2755.27,131.5,22,0.8,163,52.0,DE,F
767.58,95.6,13,1.0,127,32.0,RU,F
2578.68,148.8,21,1.0,211,27.0,RU,F
1032.09,76.8,12,0.8,195,47.0,DE,M
211.6,45.4,8,0.8,124,22.0,TN,F
1009.26,76.1,12,0.8,228,51.0,UK,F
2174.14,123.4,20,0.8,226,52.0,RU,F
70.08,20.2,4,0.8,148,21.0,NI,M
61.66,17.7,3,0.8,198,19.0,PK,M
2915.62,139.0,19,1.0,284,31.0,RU,F
303.05,39.2,7,0.8,283,24.0,HK,F
296.13,47.9,9,0.8,142,17.0,TH,F
668.49,54.3,8,1.0,261,31.0,DE,M
37.23,14.5,2,1.0,265,20.0,NG,F
4080.97,156.7,27,0.8,246,38.0,AR,F
5532.37,203.0,26,1.2,270,29.0,FR,F
46.62,19.4,3,0.8,209,21.0,NE,M
2256.78,119.6,18,1.0,266,26.0,AR,F
2343.59,158.0,20,1.2,192,41.0,US,M
1556.86,116.6,18,0.8,194,46.0,US,F
909.34,94.3,13,1.0,189,50.0,DE,F
1376.27,91.9,17,0.8,225,44.0,DE,M
280.81,50.3,7,1.0,203,20.0,LY,M
3095.29,150.2,22,1.0,240,37.0,UK,F
1603.68,108.1,20,0.8,193,36.0,FR,M
1019.55,61.4,12,0.8,286,36.0,DE,M
33.96,23.1,3,1.2,131,22.0,TH,M
948.33,69.6,13,0.8,266,41.0,UK,F
755.71,93.9,14,1.0,150,37.0,FR,F
936.87,99.1,15,1.0,161,33.0,UK,F
3896.97,162.8,21,1.2,232,36.0,RU,M
5372.46,166.3,21,1.2,259,45.0,UK,M
1572.81,122.4,18,1.0,187,50.0,AR,M
1869.69,96.5,14,1.0,280,51.0,RU,M
3606.33,144.2,25,0.8,205,35.0,US,M
1455.85,80.4,16,0.8,287,26.0,US,M
4799.11,161.0,27,0.8,283,33.0,DE,M
1243.99,114.1,21,0.8,136,42.0,DE,M
158.98,31.8,5,0.8,205,18.0,TH,M
2149.18,136.2,23,0.8,175,26.0,AR,F
1448.44,103.1,15,1.0,242,30.0,US,M
1828.69,128.1,20,0.8,185,39.0,FR,M
51.35,22.4,4,0.8,152,17.0,TN,F
2382.8,157.2,21,1.0,150,44.0,FR,M
5.37,6.9,1,1.0,200,18.0,TH,F
458.27,52.8,9,0.8,246,22.0,HK,M
73.79,29.3,4,1.0,163,18.0,LY,F
4.04,6.2,1,0.8,172,22.0,TN,F
1325.02,91.3,12,1.2,245,46.0,RU,F
1322.69,87.8,14,0.8,275,36.0,UK,M
986.71,85.3,14,0.8,174,46.0,FR,F
2213.39,96.8,19,0.8,207,54.0,US,M
542.69,67.3,9,1.0,183,32.0,DE,F
2647.59,121.7,21,0.8,178,28.0,RU,M
1891.13,140.1,26,0.8,136,49.0,AR,M
2393.28,91.4,18,0.8,249,32.0,US,M
2096.81,114.3,19,0.8,201,47.0,RU,M
6313.23,187.9,27,1.0,258,38.0,AR,M
1215.77,98.2,15,1.0,210,54.0,FR,M
3684.24,140.1,19,1.0,286,37.0,RU,F
1806.97,124.6,17,1.0,218,50.0,RU,M
1909.03,114.0,21,0.8,204,36.0,RU,F
5622.56,160.3,26,0.8,274,31.0,US,M
44.85,16.7,3,0.8,182,21.0,TN,F
1208.01,96.6,19,0.8,168,41.0,FR,F
953.51,79.1,14,0.8,175,54.0,RU,M
299.23,40.2,8,0.8,194,18.0,TH,F
1221.4,123.3,17,1.0,121,36.0,UK,M
1356.6,114.3,16,1.0,195,50.0,US,M
157.81,28.8,4,1.0,233,17.0,NG,F
2011.44,151.6,27,0.8,126,39.0,UK,F
4170.16,132.7,21,0.8,253,51.0,AR,M
44.18,16.2,3,0.8,232,20.0,LY,F
85.43,20.6,4,0.8,215,17.0,PK,F
284.0,36.0,6,0.8,269,20.0,TN,M
1229.16,102.0,20,0.8,155,47.0,US,F
1207.67,100.2,20,0.8,155,54.0,DE,F
5302.14,180.2,23,1.2,263,40.0,RU,M
365.39,50.9,9,0.8,205,27.0,JP,F
1699.91,119.7,23,0.8,126,32.0,US,M
693.92,66.2,10,1.0,271,33.0,UK,F
494.42,70.7,12,0.8,125,23.0,AR,M
1173.99,90.1,14,0.8,193,51.0,US,F
83.33,23.1,3,1.2,209,19.0,LY,M
3423.09,143.0,21,1.0,236,46.0,FR,M
8.19,7.8,1,1.2,270,21.0,NI,F
1640.46,103.3,16,0.8,252,31.0,FR,M
702.89,75.5,10,1.2,193,44.0,RU,F
3350.67,197.6,26,1.2,138,48.0,US,M
3024.14,147.7,22,1.0,195,35.0,FR,M
2163.63,102.9,16,0.8,271,40.0,UK,F
2738.88,132.1,26,0.8,207,31.0,UK,M
7153.44,198.8,26,1.2,282,49.0,FR,M
2585.84,147.4,22,1.0,206,27.0,FR,M
16.57,13.3,2,1.0,166,21.0,TN,F
1843.43,153.2,22,1.0,142,39.0,US,M
250.36,31.4,6,0.8,229,17.0,PK,F
1398.01,126.1,17,1.0,133,47.0,UK,M
400.53,51.8,7,1.0,225,29.0,TW,M
2717.48,141.0,27,0.8,185,53.0,DE,F
1572.76,84.2,15,0.8,215,33.0,RU,F
672.64,77.8,14,0.8,127,26.0,FR,M
1966.44,111.6,20,0.8,225,33.0,AR,F
3428.63,172.0,25,1.0,208,49.0,DE,F
2446.84,123.4,24,0.8,168,28.0,US,F
4.66,5.9,1,0.8,208,22.0,NI,F
52.42,20.4,3,1.0,219,17.0,NG,F
2418.14,105.0,18,0.8,262,31.0,US,F
1863.43,107.4,21,0.8,171,42.0,UK,F
2985.15,128.3,25,0.8,189,32.0,AR,F
4421.94,183.2,25,1.0,197,46.0,US,F
1900.75,125.4,21,0.8,148,34.0,UK,M
1726.55,167.3,21,1.2,132,32.0,RU,M
2614.99,125.1,23,0.8,231,54.0,UK,M
32.53,15.9,3,0.8,179,19.0,NE,M
901.01,99.7,15,1.0,154,29.0,RU,F
3797.35,204.6,26,1.2,183,46.0,RU,F
35.04,17.9,3,0.8,134,17.0,TN,F
1219.39,81.9,16,0.8,193,42.0,DE,F
41.16,16.6,3,0.8,143,22.0,TN,F
15.09,10.1,2,0.8,189,21.0,PK,F
6346.04,167.8,26,0.8,250,31.0,UK,F
262.41,63.2,8,1.2,133,18.0,NE,F
4189.57,172.5,22,1.2,280,34.0,AR,M
184.0,38.3,7,0.8,143,20.0,NI,M
1691.36,90.9,14,0.8,225,52.0,DE,M
14.86,13.4,2,1.0,144,18.0,PK,F
2094.88,118.6,16,1.0,281,50.0,FR,F
79.3,23.9,3,1.2,230,18.0,LY,M
163.32,44.0,8,0.8,122,18.0,TH,M
355.64,49.6,8,0.8,186,25.0,CN,M
631.31,65.2,9,1.0,277,43.0,US,M
451.02,65.1,9,1.0,200,22.0,AR,F
28.77,15.7,2,1.2,155,22.0,NI,M
2868.44,157.5,20,1.2,156,38.0,FR,F
1196.58,102.0,19,0.8,129,53.0,AR,F
112.74,25.9,5,0.8,148,21.0,PK,F
922.88,83.3,14,0.8,166,50.0,AR,M
3175.35,158.9,23,1.0,148,26.0,FR,F
1852.3,95.6,17,0.8,234,46.0,FR,M
91.1,22.0,4,0.8,179,21.0,NE,M
615.2,75.2,11,1.0,131,47.0,US,F
563.77,62.1,11,0.8,210,54.0,US,M
90.21,33.0,5,1.0,146,17.0,NE,M
162.36,44.7,7,0.8,133,19.0,NG,M
1394.15,80.2,11,1.0,267,43.0,FR,F
477.31,60.2,9,1.0,224,23.0,JP,M
3550.68,122.8,22,0.8,270,27.0,UK,F
312.18,47.1,6,1.2,225,27.0,JP,F
3286.06,141.8,24,0.8,200,40.0,AR,F
2932.21,147.1,25,0.8,205,49.0,UK,M
101.96,25.5,4,0.8,206,19.0,NE,F
1151.35,110.9,14,1.2,192,46.0,US,F
523.59,59.3,8,1.0,285,29.0,US,F
4833.32,159.9,23,1.0,270,28.0,FR,M
219.22,43.9,7,0.8,183,18.0,NI,M
2487.29,128.3,19,1.0,263,40.0,FR,F
6276.23,147.1,27,0.8,268,47.0,DE,F
2357.03,155.8,24,0.8,162,30.0,RU,M
3191.59,115.3,20,0.8,283,31.0,UK,F
5.46,6.0,1,0.8,191,18.0,TN,F
1794.31,138.1,18,1.2,153,35.0,FR,M
3335.74,144.1,24,0.8,247,35.0,DE,M
2216.47,146.3,19,1.2,203,38.0,US,F
1650.5,106.7,14,1.2,228,54.0,AR,F
116.14,25.9,4,0.8,192,20.0,NI,F
141.25,29.2,4,1.0,251,17.0,NG,M
5271.58,183.5,26,1.0,226,40.0,RU,F
774.18,85.2,11,1.2,172,48.0,US,F
813.09,59.4,11,0.8,254,37.0,FR,F
555.55,64.0,9,1.0,246,36.0,UK,F
4569.16,145.4,21,1.0,257,48.0,FR,F
6.58,5.8,1,0.8,194,20.0,TH,F
3892.56,139.9,26,0.8,218,39.0,AR,M
1145.85,116.4,18,0.8,146,51.0,FR,F
141.62,27.0,5,0.8,269,18.0,PK,F
4277.19,122.4,21,0.8,283,46.0,AR,F
317.9,47.5,9,0.8,131,27.0,RU,M
259.14,56.4,8,1.0,152,17.0,NI,F
1724.52,89.1,16,0.8,250,36.0,UK,M
1780.53,99.4,14,1.0,265,52.0,UK,F
4340.59,183.7,26,1.0,233,43.0,AR,F
5301.35,182.1,26,1.0,190,44.0,DE,M
1055.16,86.9,11,1.2,284,32.0,RU,M
2593.98,164.6,25,1.0,164,29.0,US,F
723.23,92.3,13,1.0,154,43.0,RU,M
40.01,18.4,3,0.8,152,22.0,TH,F
3850.37,151.5,23,1.0,224,28.0,DE,F
4132.39,186.3,26,1.0,217,36.0,RU,F
2432.58,129.0,19,1.0,258,27.0,UK,M
1430.63,77.5,12,0.8,259,50.0,FR,M
2505.16,136.7,19,1.0,246,48.0,AR,M
2120.68,134.4,23,0.8,180,48.0,US,M
3.3,6.4,1,0.8,145,21.0,NI,F
4082.22,142.1,26,0.8,228,34.0,US,M
528.46,61.0,12,0.8,148,37.0,AR,M
5443.93,166.7,27,0.8,245,39.0,US,F
382.74,70.0,10,1.0,143,26.0,TW,M
688.21,58.2,9,0.8,272,47.0,RU,M
3962.53,205.6,27,1.2,184,37.0,FR,M
1263.55,99.3,14,1.0,234,36.0,DE,F
144.5,35.1,6,0.8,145,19.0,NI,F
1777.08,122.2,16,1.2,232,53.0,US,M
57.4,29.2,4,1.0,126,17.0,NG,M
1409.76,89.4,12,1.0,267,45.0,DE,M
1764.2,122.0,24,0.8,154,42.0,UK,M
3097.24,149.4,26,0.8,209,36.0,DE,F
2628.09,136.1,20,1.0,199,33.0,DE,F
2449.1,99.5,16,0.8,264,40.0,UK,M
1481.35,117.5,20,0.8,163,48.0,DE,F
1816.8,139.4,19,1.0,176,29.0,DE,M
900.89,96.0,13,1.0,152,38.0,DE,M
1010.83,92.7,12,1.2,232,36.0,RU,M
411.06,68.2,10,1.0,160,27.0,AR,M
119.06,26.1,5,0.8,154,19.0,NI,F
849.57,55.8,11,0.8,286,49.0,US,F
621.14,83.1,13,0.8,149,38.0,UK,M
51.45,15.4,2,1.2,281,22.0,NI,M
1013.7,98.5,15,1.0,178,29.0,UK,M
1286.56,123.9,20,0.8,137,33.0,AR,F
5404.18,173.6,25,1.0,215,43.0,AR,M
1526.91,96.5,17,0.8,194,49.0,US,M
665.23,75.5,10,1.2,227,47.0,US,F
290.93,44.4,7,0.8,242,20.0,NE,F
113.64,31.3,4,1.2,233,17.0,TH,F
1104.16,83.4,11,1.2,207,47.0,FR,M
1329.65,116.4,22,0.8,134,32.0,AR,M
1113.77,73.8,14,0.8,182,30.0,RU,M
740.18,70.0,9,1.2,243,46.0,RU,F
503.19,61.5,9,1.0,232,49.0,FR,M
142.74,31.4,5,0.8,237,20.0,TN,F
2818.86,125.4,24,0.8,243,54.0,FR,F
2024.93,122.8,21,0.8,135,51.0,DE,F
725.38,62.6,12,0.8,199,33.0,UK,M
604.57,66.6,11,0.8,212,33.0,DE,M
2851.57,125.5,25,0.8,234,50.0,FR,M
563.49,63.3,12,0.8,189,54.0,RU,M
21.46,11.1,2,0.8,198,22.0,NI,F
3236.72,144.2,22,1.0,265,34.0,AR,M
663.46,75.3,10,1.2,226,46.0,FR,M
2563.96,139.9,19,1.0,248,53.0,DE,M
1869.59,123.4,19,0.8,206,53.0,US,M
631.1,93.5,13,1.0,135,42.0,FR,F
1518.74,118.2,18,1.0,182,34.0,RU,M
3181.38,202.2,27,1.0,123,26.0,AR,M
2144.03,112.8,19,0.8,204,40.0,RU,F
2295.06,139.2,24,0.8,140,51.0,US,F
2832.78,146.7,20,1.0,200,49.0,AR,M
1660.86,125.3,22,0.8,159,26.0,RU,M
837.07,74.1,13,0.8,151,33.0,AR,M
1924.46,150.6,26,0.8,126,30.0,UK,F
243.56,36.1,7,0.8,246,20.0,TH,M
1386.63,112.3,18,0.8,178,48.0,AR,M
1487.78,124.2,19,1.0,166,32.0,DE,F
906.21,74.0,12,0.8,264,32.0,FR,M
1750.58,115.7,20,0.8,160,50.0,RU,F
108.81,31.9,4,1.2,219,18.0,NI,F
333.52,45.8,8,0.8,160,28.0,CN,M
4618.42,154.8,27,0.8,225,39.0,FR,M
948.06,92.6,12,1.2,218,39.0,RU,F
886.34,82.6,13,0.8,210,31.0,AR,M
85.97,20.3,3,1.0,239,20.0,NG,M
224.26,31.8,6,0.8,238,21.0,NG,F
3964.85,177.5,24,1.0,193,31.0,RU,M
642.63,88.9,12,1.0,157,29.0,UK,M
193.38,27.4,5,0.8,240,19.0,NG,F
1018.52,72.8,13,0.8,275,42.0,AR,F
1547.79,98.5,19,0.8,143,45.0,FR,F
2389.48,120.5,24,0.8,170,29.0,UK,M
230.67,42.3,6,1.0,234,18.0,NG,M
7.58,5.9,1,0.8,269,21.0,TH,M
1031.43,69.6,13,0.8,233,29.0,FR,M
2479.86,125.2,24,0.8,211,42.0,FR,F
3.01,5.5,1,0.8,139,17.0,PK,F
2781.02,114.3,15,1.2,275,26.0,US,F
1322.67,99.1,17,0.8,135,48.0,AR,F
862.98,78.5,14,0.8,137,50.0,FR,M
726.79,73.3,12,0.8,172,38.0,RU,M
4018.53,164.1,24,1.0,260,30.0,FR,F
2832.07,191.1,24,1.2,131,34.0,UK,F
20.5,14.7,2,1.0,122,20.0,TH,F
1470.47,112.4,17,1.0,197,33.0,FR,F
2028.73,127.4,17,1.0,238,39.0,RU,F
1143.63,92.4,15,0.8,214,28.0,US,F
292.77,36.7,6,0.8,225,22.0,LY,F
3544.65,131.7,26,0.8,216,46.0,AR,M
24.97,10.1,2,0.8,257,18.0,NG,M
22.92,13.2,2,1.0,152,19.0,LY,F
4125.22,173.2,24,1.0,258,28.0,UK,F
1992.23,146.9,19,1.2,185,52.0,RU,F
3270.93,134.7,18,1.0,279,28.0,AR,M
1283.0,102.6,19,0.8,169,50.0,FR,M
4.23,6.5,1,1.0,132,20.0,TN,F
3052.83,119.1,19,0.8,275,29.0,AR,F
551.2,76.8,11,1.0,136,43.0,US,F
6591.7,176.4,27,1.0,285,27.0,UK,F
